"Gene","Module"
"A1CF","green"
"A2M","grey"
"A2ML1","grey"
"A4GALT","grey"
"A4GNT","grey"
"AAAS","grey"
"AACS","grey"
"AADAC","grey"
"AADAT","grey"
"AAGAB","turquoise"
"AAK1","grey"
"AAMDC","grey"
"AAMP","grey"
"AANAT","blue"
"AAR2","brown"
"AARS1","grey"
"AASDH","turquoise"
"AASDHPPT","yellow"
"AASS","brown"
"AATBC","blue"
"AATF","grey"
"AATK","green"
"ABAT","green"
"ABCA1","black"
"ABCA10","tan"
"ABCA11P","turquoise"
"ABCA12","grey"
"ABCA13","grey"
"ABCA15P","grey"
"ABCA2","brown"
"ABCA3","green"
"ABCA5","yellow"
"ABCA6","tan"
"ABCA7","turquoise"
"ABCA8","tan"
"ABCA9","tan"
"ABCB1","grey"
"ABCB4","red"
"ABCB6","grey"
"ABCB7","blue"
"ABCC1","grey"
"ABCC10","brown"
"ABCC2","salmon"
"ABCC3","pink"
"ABCC4","turquoise"
"ABCC5","green"
"ABCC6","grey"
"ABCC6P2","yellow"
"ABCC8","greenyellow"
"ABCC9","tan"
"ABCD1","brown"
"ABCD2","red"
"ABCD3","turquoise"
"ABCE1","turquoise"
"ABCF3","grey"
"ABCG1","yellow"
"ABCG2","grey"
"ABCG5","salmon"
"ABCG8","salmon"
"ABHD10","turquoise"
"ABHD11","pink"
"ABHD12","green"
"ABHD13","brown"
"ABHD14A-ACY1","brown"
"ABHD14B","brown"
"ABHD15","grey"
"ABHD16A","grey"
"ABHD16B","blue"
"ABHD17A","turquoise"
"ABHD17B","grey"
"ABHD17C","pink"
"ABHD18","grey"
"ABHD2","pink"
"ABHD3","grey"
"ABHD4","brown"
"ABHD5","grey"
"ABHD6","grey"
"ABI1","turquoise"
"ABI2","black"
"ABI3","red"
"ABI3BP","grey"
"ABITRAM","brown"
"ABL1","grey"
"ABL2","grey"
"ABLIM1","grey"
"ABLIM2","grey"
"ABLIM3","grey"
"ABO","turquoise"
"ABR","brown"
"ABRACL","turquoise"
"ABRAXAS1","grey"
"ABRAXAS2","blue"
"ABTB2","grey"
"ACAA1","grey"
"ACAA2","grey"
"ACACA","turquoise"
"ACACB","grey"
"ACAD10","grey"
"ACAD11","turquoise"
"ACAD8","grey"
"ACAD9","grey"
"ACADL","yellow"
"ACADM","yellow"
"ACADS","turquoise"
"ACADSB","yellow"
"ACADVL","grey"
"ACAP2","turquoise"
"ACAT1","yellow"
"ACAT2","turquoise"
"ACBD3","grey"
"ACBD4","grey"
"ACBD5","turquoise"
"ACBD6","turquoise"
"ACCS","grey"
"ACE2","grey"
"ACER1","blue"
"ACER2","grey"
"ACER3","brown"
"ACHE","grey"
"ACIN1","brown"
"ACKR1","grey"
"ACKR3","grey"
"ACKR4","grey"
"ACLY","grey"
"ACO1","grey"
"ACO2","grey"
"ACOT1","grey"
"ACOT11","pink"
"ACOT13","brown"
"ACOT2","grey"
"ACOT4","turquoise"
"ACOT7","blue"
"ACOT8","grey"
"ACOT9","turquoise"
"ACOX1","grey"
"ACOX2","grey"
"ACOX3","grey"
"ACP1","grey"
"ACP2","brown"
"ACP3","grey"
"ACP4","blue"
"ACP5","purple"
"ACP6","grey"
"ACP7","blue"
"ACR","blue"
"ACSF2","grey"
"ACSL1","grey"
"ACSL3","turquoise"
"ACSL4","turquoise"
"ACSL5","pink"
"ACSM2A","grey"
"ACSM3","yellow"
"ACSM5","grey"
"ACSM6","yellow"
"ACSS1","green"
"ACSS2","grey"
"ACSS3","grey"
"ACTA1","blue"
"ACTA2","black"
"ACTA2-AS1","grey"
"ACTB","brown"
"ACTBL2","grey"
"ACTC1","grey"
"ACTG1","brown"
"ACTG2","grey"
"ACTL10","blue"
"ACTL6A","turquoise"
"ACTL9","blue"
"ACTMAP","grey"
"ACTN1","brown"
"ACTN3","blue"
"ACTN4","brown"
"ACTR10","turquoise"
"ACTR1A","brown"
"ACTR1B","grey"
"ACTR2","turquoise"
"ACTR3","turquoise"
"ACTR3B","grey"
"ACTR3C","yellow"
"ACTR5","cyan"
"ACTR6","turquoise"
"ACTR8","turquoise"
"ACVR1","turquoise"
"ACVR1B","grey"
"ACVR1C","midnightblue"
"ACVR2A","turquoise"
"ACVR2B","grey"
"ACVRL1","grey60"
"ACY1","pink"
"ACY3","green"
"ADA","grey"
"ADA2","red"
"ADAD2","blue"
"ADAM10","pink"
"ADAM12","black"
"ADAM15","turquoise"
"ADAM17","turquoise"
"ADAM19","black"
"ADAM20","grey"
"ADAM20P1","grey"
"ADAM22","grey"
"ADAM23","grey"
"ADAM28","pink"
"ADAM32","grey"
"ADAM33","grey"
"ADAM8","grey"
"ADAM9","turquoise"
"ADAMDEC1","grey"
"ADAMTS1","tan"
"ADAMTS10","grey"
"ADAMTS12","black"
"ADAMTS13","blue"
"ADAMTS14","grey"
"ADAMTS15","midnightblue"
"ADAMTS16","grey"
"ADAMTS17","green"
"ADAMTS18","grey"
"ADAMTS2","brown"
"ADAMTS3","grey"
"ADAMTS4","grey"
"ADAMTS5","grey"
"ADAMTS6","turquoise"
"ADAMTS7","blue"
"ADAMTS8","grey"
"ADAMTS9","grey"
"ADAMTSL1","grey"
"ADAMTSL2","grey"
"ADAMTSL3","magenta"
"ADAMTSL4","grey"
"ADAMTSL4-AS1","grey"
"ADAMTSL5","blue"
"ADAP1","pink"
"ADAP2","red"
"ADAR","black"
"ADARB1","grey"
"ADARB2","blue"
"ADAT1","grey"
"ADAT2","turquoise"
"ADAT3","turquoise"
"ADCK5","turquoise"
"ADCY1","grey"
"ADCY10P1","grey"
"ADCY2","grey"
"ADCY3","grey"
"ADCY4","tan"
"ADCY5","grey"
"ADCY7","brown"
"ADCY8","blue"
"ADCY9","green"
"ADCYAP1","grey"
"ADCYAP1R1","midnightblue"
"ADD1","turquoise"
"ADD2","turquoise"
"ADD3","grey"
"ADGRA1","blue"
"ADGRA2","brown"
"ADGRA3","red"
"ADGRB1","blue"
"ADGRB3","grey"
"ADGRD1","grey"
"ADGRD2","blue"
"ADGRE1","grey"
"ADGRE2","red"
"ADGRE3","grey"
"ADGRE4P","grey"
"ADGRE5","brown"
"ADGRF1","pink"
"ADGRF5","grey"
"ADGRG1","grey"
"ADGRG2","grey"
"ADGRG3","grey"
"ADGRG4","salmon"
"ADGRG5","grey"
"ADGRG6","grey"
"ADGRG7","grey"
"ADGRL1","brown"
"ADGRL2","grey"
"ADGRL3","grey"
"ADGRL4","grey"
"ADGRV1","yellow"
"ADH1A","tan"
"ADH1B","tan"
"ADH1C","grey"
"ADH4","salmon"
"ADH5","turquoise"
"ADH6","salmon"
"ADH7","grey"
"ADHFE1","green"
"ADI1","brown"
"ADIPOQ","midnightblue"
"ADIPOR1","brown"
"ADIPOR2","grey"
"ADIRF","grey"
"ADISSP","blue"
"ADK","grey"
"ADM","grey"
"ADM2","green"
"ADNP","grey"
"ADNP2","grey"
"ADORA1","turquoise"
"ADORA2A-AS1","blue"
"ADORA2B","grey"
"ADORA3","grey"
"ADPGK","blue"
"ADPRHL1","turquoise"
"ADPRM","grey"
"ADRA1B","grey"
"ADRA1D","blue"
"ADRA2A","turquoise"
"ADRA2B","blue"
"ADRA2C","blue"
"ADRB1","blue"
"ADRB2","grey"
"ADRM1","brown"
"ADSL","turquoise"
"ADSS1","grey"
"ADSS2","turquoise"
"ADTRP","grey"
"AEBP1","black"
"AEBP2","turquoise"
"AEN","turquoise"
"AFAP1","black"
"AFAP1-AS1","pink"
"AFAP1L1","grey"
"AFAP1L2","grey"
"AFDN","turquoise"
"AFDN-DT","grey"
"AFF1","brown"
"AFF3","red"
"AFG1L","turquoise"
"AFG2A","blue"
"AFG2B","turquoise"
"AFG3L2","turquoise"
"AFMID","green"
"AFTPH","turquoise"
"AGA","grey"
"AGAP1","grey"
"AGAP11","grey"
"AGAP2","grey"
"AGAP5","grey"
"AGAP6","grey"
"AGAP9","grey"
"AGBL3","yellow"
"AGER","blue"
"AGFG1","brown"
"AGFG2","turquoise"
"AGGF1","turquoise"
"AGK","blue"
"AGL","turquoise"
"AGMAT","grey"
"AGMO","grey"
"AGO1","brown"
"AGO2","grey"
"AGO3","blue"
"AGO4","turquoise"
"AGPAT1","brown"
"AGPAT2","grey"
"AGPAT4","turquoise"
"AGPAT4-IT1","grey"
"AGPAT5","turquoise"
"AGPS","turquoise"
"AGR2","grey"
"AGR3","grey"
"AGRN","grey"
"AGT","grey"
"AGTPBP1","turquoise"
"AGTR1","tan"
"AGTRAP","brown"
"AGXT","blue"
"AHCTF1","turquoise"
"AHCY","green"
"AHCYL1","grey"
"AHCYL2","grey"
"AHDC1","turquoise"
"AHI1","grey"
"AHNAK","grey"
"AHNAK2","pink"
"AHR","pink"
"AHSA1","turquoise"
"AHSA2P","turquoise"
"AICDA","grey"
"AIF1","grey"
"AIF1L","grey"
"AIFM1","turquoise"
"AIFM2","grey"
"AIFM3","blue"
"AIG1","grey"
"AIM2","red"
"AIMP1","turquoise"
"AIMP2","grey"
"AIRE","blue"
"AJAP1","grey"
"AJM1","blue"
"AJUBA","grey"
"AK1","grey"
"AK2","blue"
"AK4","grey"
"AK5","grey"
"AK6","turquoise"
"AK7","turquoise"
"AK8","turquoise"
"AKAP1","grey"
"AKAP10","turquoise"
"AKAP11","turquoise"
"AKAP12","turquoise"
"AKAP13","grey"
"AKAP5","grey"
"AKAP6","grey"
"AKAP7","yellow"
"AKAP8L","brown"
"AKAP9","turquoise"
"AKIP1","blue"
"AKIRIN1","brown"
"AKIRIN2","green"
"AKNA","red"
"AKR1A1","grey"
"AKR1B1","brown"
"AKR1B10","grey"
"AKR1C1","grey"
"AKR1C2","grey"
"AKR1C3","grey"
"AKR1E2","grey"
"AKR7A2","grey"
"AKR7A2P1","grey"
"AKR7A3","grey"
"AKR7L","grey"
"AKT1","brown"
"AKT2","brown"
"AKT3","black"
"AKTIP","turquoise"
"ALAD","green"
"ALAS1","grey"
"ALAS2","grey"
"ALB","yellow"
"ALCAM","grey"
"ALDH16A1","turquoise"
"ALDH18A1","turquoise"
"ALDH1A1","grey"
"ALDH1A2","grey"
"ALDH1A3","grey"
"ALDH1B1","grey"
"ALDH1L1","grey"
"ALDH1L2","yellow"
"ALDH2","grey"
"ALDH3A1","grey"
"ALDH3A2","yellow"
"ALDH3B1","pink"
"ALDH3B2","grey"
"ALDH4A1","grey"
"ALDH5A1","grey"
"ALDH6A1","green"
"ALDH7A1","turquoise"
"ALDH9A1","turquoise"
"ALDOA","pink"
"ALDOB","grey"
"ALDOC","yellow"
"ALG1","grey"
"ALG10","grey"
"ALG10B","grey"
"ALG11","turquoise"
"ALG12","brown"
"ALG14","yellow"
"ALG1L1P","grey"
"ALG2","yellow"
"ALG3","brown"
"ALG5","yellow"
"ALG6","turquoise"
"ALG8","brown"
"ALG9","grey"
"ALKAL1","grey"
"ALKAL2","green"
"ALKBH1","grey"
"ALKBH2","cyan"
"ALKBH3","grey"
"ALKBH4","blue"
"ALKBH6","turquoise"
"ALKBH7","turquoise"
"ALKBH8","turquoise"
"ALMS1","grey"
"ALMS1P1","brown"
"ALOX12P2","grey"
"ALOX15B","grey"
"ALOX5","red"
"ALOX5AP","red"
"ALPG","grey"
"ALPI","salmon"
"ALPK1","blue"
"ALPK2","grey"
"ALPK3","grey"
"ALPL","grey"
"ALPP","brown"
"ALS2","turquoise"
"ALS2CL","pink"
"ALX3","blue"
"ALX4","blue"
"ALYREF","grey"
"AMACR","grey"
"AMBP","yellow"
"AMBRA1","brown"
"AMD1","turquoise"
"AMDHD2","turquoise"
"AMER1","grey"
"AMFR","brown"
"AMH","blue"
"AMHR2","green"
"AMIGO1","blue"
"AMIGO2","turquoise"
"AMIGO3","turquoise"
"AMMECR1L","blue"
"AMN","blue"
"AMN1","turquoise"
"AMOT","grey"
"AMOTL1","grey"
"AMOTL2","grey"
"AMPD1","grey"
"AMPD2","grey"
"AMPD3","grey"
"AMPH","grey"
"AMT","grey"
"AMTN","grey"
"AMY2A","yellow"
"AMZ1","blue"
"AMZ2","grey"
"AMZ2P1","grey"
"ANAPC1","blue"
"ANAPC10","turquoise"
"ANAPC11","grey"
"ANAPC13","turquoise"
"ANAPC15","brown"
"ANAPC16","yellow"
"ANAPC1P1","grey"
"ANAPC1P2","brown"
"ANAPC2","turquoise"
"ANAPC4","turquoise"
"ANAPC5","grey"
"ANAPC7","blue"
"ANG","grey"
"ANGEL1","green"
"ANGEL2","turquoise"
"ANGPT1","tan"
"ANGPT2","green"
"ANGPTL1","tan"
"ANGPTL2","black"
"ANGPTL4","turquoise"
"ANGPTL6","blue"
"ANGPTL7","grey"
"ANGPTL8","blue"
"ANK1","grey"
"ANK2","tan"
"ANK3","grey"
"ANKAR","grey"
"ANKEF1","yellow"
"ANKFN1","grey"
"ANKFY1","black"
"ANKH","black"
"ANKIB1","blue"
"ANKLE2","pink"
"ANKMY1","turquoise"
"ANKMY2","turquoise"
"ANKRA2","grey"
"ANKRD1","grey"
"ANKRD10","turquoise"
"ANKRD11","blue"
"ANKRD12","grey"
"ANKRD13A","grey"
"ANKRD13B","turquoise"
"ANKRD13C","turquoise"
"ANKRD13C-DT","grey"
"ANKRD13D","yellow"
"ANKRD18A","lightcyan"
"ANKRD18B","grey"
"ANKRD2","blue"
"ANKRD20A11P","grey"
"ANKRD20A12P","grey"
"ANKRD20A2P","green"
"ANKRD20A5P","grey"
"ANKRD20A8P","green"
"ANKRD22","grey"
"ANKRD24","blue"
"ANKRD26","grey"
"ANKRD27","grey"
"ANKRD28","grey"
"ANKRD29","grey"
"ANKRD33B","blue"
"ANKRD36","grey"
"ANKRD36B","grey"
"ANKRD36C","grey"
"ANKRD37","grey"
"ANKRD39","turquoise"
"ANKRD40","brown"
"ANKRD40CL","salmon"
"ANKRD42","blue"
"ANKRD44","purple"
"ANKRD45","grey"
"ANKRD46","grey"
"ANKRD49","grey"
"ANKRD50","turquoise"
"ANKRD52","brown"
"ANKRD53","blue"
"ANKRD54","turquoise"
"ANKRD6","grey"
"ANKRD60","blue"
"ANKRD62","yellow"
"ANKRD62P1-PARP4P3","yellow"
"ANKRD9","blue"
"ANKS1A","grey"
"ANKS1B","greenyellow"
"ANKS3","blue"
"ANKS4B","grey"
"ANKS6","grey"
"ANKZF1","grey"
"ANLN","magenta"
"ANO1","black"
"ANO10","blue"
"ANO2","grey"
"ANO3","grey"
"ANO4","grey"
"ANO5","yellow"
"ANO6","grey"
"ANO7","blue"
"ANO9","grey"
"ANOS1","black"
"ANP32A","grey"
"ANP32A-IT1","grey"
"ANP32AP1","brown"
"ANP32B","grey"
"ANP32E","turquoise"
"ANPEP","green"
"ANTKMT","blue"
"ANTXR1","black"
"ANTXR2","green"
"ANXA1","black"
"ANXA10","grey"
"ANXA11","brown"
"ANXA13","grey"
"ANXA2","turquoise"
"ANXA2P1","pink"
"ANXA2P2","pink"
"ANXA2R","red"
"ANXA2R-AS1","brown"
"ANXA3","pink"
"ANXA4","lightcyan"
"ANXA5","turquoise"
"ANXA6","grey"
"ANXA7","turquoise"
"ANXA8","grey"
"ANXA8L1","grey"
"ANXA9","yellow"
"AOAH","purple"
"AOC1","pink"
"AOC3","tan"
"AOPEP","grey"
"AOX1","yellow"
"AP1AR","turquoise"
"AP1B1","grey"
"AP1G2","brown"
"AP1M1","black"
"AP1M2","lightcyan"
"AP1S1","pink"
"AP1S2","brown"
"AP1S3","pink"
"AP2A1","brown"
"AP2B1","pink"
"AP2M1","black"
"AP3B1","blue"
"AP3B2","grey"
"AP3D1","brown"
"AP3M2","turquoise"
"AP3S1","grey"
"AP4B1","turquoise"
"AP4E1","turquoise"
"AP4S1","turquoise"
"AP5M1","turquoise"
"AP5S1","brown"
"APAF1","turquoise"
"APBA2","grey"
"APBB1","grey"
"APBB1IP","purple"
"APBB2","black"
"APBB3","brown"
"APC","blue"
"APC2","blue"
"APCDD1","brown"
"APCDD1L","blue"
"APCS","grey"
"APEX1","brown"
"APH1A","blue"
"APH1B","turquoise"
"API5","grey"
"APIP","grey"
"APLN","blue"
"APLNR","red"
"APLP1","green"
"APLP2","pink"
"APMAP","turquoise"
"APOA1","grey"
"APOA4","salmon"
"APOB","salmon"
"APOBEC1","grey"
"APOBEC2","grey"
"APOBEC3A_B","grey"
"APOBEC3C","red"
"APOBEC3D","red"
"APOBEC3F","red"
"APOBEC3G","red"
"APOBR","brown"
"APOC1","grey"
"APOC3","salmon"
"APOC4","blue"
"APOD","grey"
"APOE","grey"
"APOH","greenyellow"
"APOL1","turquoise"
"APOL2","grey"
"APOL3","purple"
"APOL4","grey"
"APOL6","grey"
"APOLD1","grey"
"APOO","brown"
"APOOL","grey"
"APP","grey"
"APPBP2","turquoise"
"APPL1","yellow"
"APPL2","grey"
"APRG1","grey"
"APRT","turquoise"
"APTX","turquoise"
"AQP1","grey"
"AQP10","salmon"
"AQP11","grey"
"AQP12A","green"
"AQP2","blue"
"AQP3","grey"
"AQP5","grey"
"AQP7","midnightblue"
"AQP7P1","midnightblue"
"AQP7P3","tan"
"AQP8","green"
"AQP9","grey"
"AQR","blue"
"AR","grey"
"ARAF","brown"
"ARAP1","black"
"ARAP2","turquoise"
"ARAP3","grey"
"ARB2A","turquoise"
"ARB2BP","grey"
"ARC","blue"
"ARCN1","grey"
"AREG","grey"
"AREL1","brown"
"ARF1","brown"
"ARF3","brown"
"ARF4","grey"
"ARF5","grey"
"ARF6","turquoise"
"ARFGAP1","brown"
"ARFGAP2","grey"
"ARFGAP3","grey"
"ARFGEF1","turquoise"
"ARFGEF2","grey"
"ARFGEF3","grey"
"ARFIP1","turquoise"
"ARFIP2","grey"
"ARG2","grey"
"ARGLU1","turquoise"
"ARHGAP1","brown"
"ARHGAP10","turquoise"
"ARHGAP11A","magenta"
"ARHGAP11B","magenta"
"ARHGAP12","turquoise"
"ARHGAP15","purple"
"ARHGAP17","brown"
"ARHGAP18","grey"
"ARHGAP19","blue"
"ARHGAP20","grey"
"ARHGAP21","pink"
"ARHGAP23","grey"
"ARHGAP24","grey"
"ARHGAP25","red"
"ARHGAP26","pink"
"ARHGAP27","turquoise"
"ARHGAP27P1-BPTFP1-KPNA2P3","grey"
"ARHGAP27P2","blue"
"ARHGAP28","grey"
"ARHGAP29","grey"
"ARHGAP30","purple"
"ARHGAP31","grey"
"ARHGAP32","pink"
"ARHGAP35","grey"
"ARHGAP39","blue"
"ARHGAP4","red"
"ARHGAP40","blue"
"ARHGAP42","green"
"ARHGAP44","grey"
"ARHGAP45","red"
"ARHGAP5","turquoise"
"ARHGAP5-AS1","grey"
"ARHGAP6","grey"
"ARHGAP9","red"
"ARHGDIA","brown"
"ARHGDIB","red"
"ARHGDIG","green"
"ARHGEF1","red"
"ARHGEF10","grey"
"ARHGEF10L","green"
"ARHGEF11","grey"
"ARHGEF12","grey"
"ARHGEF15","midnightblue"
"ARHGEF16","grey"
"ARHGEF17","brown"
"ARHGEF18","grey"
"ARHGEF2","yellow"
"ARHGEF25","turquoise"
"ARHGEF26","grey"
"ARHGEF28","lightcyan"
"ARHGEF3","grey"
"ARHGEF35","pink"
"ARHGEF37","grey"
"ARHGEF38","lightcyan"
"ARHGEF4","turquoise"
"ARHGEF40","grey"
"ARHGEF5","grey"
"ARHGEF6","purple"
"ARHGEF7","turquoise"
"ARHGEF9","brown"
"ARID1A","brown"
"ARID1B","brown"
"ARID2","blue"
"ARID3A","blue"
"ARID4A","grey"
"ARID4B","turquoise"
"ARID5A","grey"
"ARID5B","grey"
"ARIH1","grey"
"ARIH2","grey"
"ARIH2OS","blue"
"ARK2N","turquoise"
"ARL1","grey"
"ARL13B","turquoise"
"ARL14","grey"
"ARL14EP","grey"
"ARL15","blue"
"ARL17A","grey"
"ARL17B","grey"
"ARL2","brown"
"ARL2BP","brown"
"ARL3","turquoise"
"ARL4A","green"
"ARL4C","green"
"ARL4D","grey"
"ARL5B","brown"
"ARL6","turquoise"
"ARL6IP1","brown"
"ARL6IP4","brown"
"ARL6IP5","black"
"ARL6IP6","grey"
"ARL8A","brown"
"ARL8B","grey"
"ARLN","turquoise"
"ARMC1","turquoise"
"ARMC10","grey"
"ARMC12","blue"
"ARMC2","grey"
"ARMC3","grey"
"ARMC5","blue"
"ARMC6","grey"
"ARMC7","grey"
"ARMC8","turquoise"
"ARMC9","turquoise"
"ARMCX1","turquoise"
"ARMCX3","turquoise"
"ARMCX4","turquoise"
"ARMCX6","grey"
"ARMH3","brown"
"ARMH4","turquoise"
"ARMT1","turquoise"
"ARNT","grey"
"ARNT2","grey"
"ARPC1A","turquoise"
"ARPC1B","black"
"ARPC2","brown"
"ARPC3","turquoise"
"ARPC4","brown"
"ARPC5L","cyan"
"ARPIN-AP3S2","green"
"ARPP19","grey"
"ARRB1","brown"
"ARRB2","red"
"ARRDC1","pink"
"ARRDC1-AS1","brown"
"ARRDC2","turquoise"
"ARRDC3","grey"
"ARRDC4","grey"
"ARSA","brown"
"ARSB","grey"
"ARSD","grey"
"ARSF","brown"
"ARSG","grey"
"ARSI","grey"
"ARSJ","grey"
"ARSK","grey"
"ARSL","yellow"
"ART1","blue"
"ART3","grey"
"ART4","grey"
"ART5","blue"
"ARTN","blue"
"ARV1","grey"
"ARVCF","grey"
"ARX","blue"
"AS3MT","yellow"
"ASAH1","purple"
"ASAH2B","salmon"
"ASAP1","black"
"ASAP2","pink"
"ASB1","grey"
"ASB16","blue"
"ASB16-AS1","brown"
"ASB2","grey"
"ASB6","brown"
"ASB8","brown"
"ASB9","greenyellow"
"ASCC1","turquoise"
"ASCC2","brown"
"ASCC3","turquoise"
"ASCL1","blue"
"ASCL2","blue"
"ASCL5","blue"
"ASF1A","grey"
"ASF1B","magenta"
"ASGR1","blue"
"ASH2L","grey"
"ASIC2","brown"
"ASIC3","blue"
"ASL","grey"
"ASMTL","blue"
"ASMTL-AS1","grey"
"ASNS","yellow"
"ASNSD1","turquoise"
"ASPA","tan"
"ASPDH","blue"
"ASPG","blue"
"ASPH","grey"
"ASPHD1","grey"
"ASPHD2","grey"
"ASPM","magenta"
"ASPN","black"
"ASPSCR1","blue"
"ASRGL1","grey"
"ASS1","grey"
"ASTE1","grey"
"ASTL","blue"
"ASTN2","turquoise"
"ASXL2","brown"
"ATAD1","turquoise"
"ATAD2","magenta"
"ATAD2B","grey"
"ATAD3A","turquoise"
"ATAD5","magenta"
"ATAT1","grey"
"ATCAY","blue"
"ATE1","blue"
"ATF1","brown"
"ATF2","blue"
"ATF3","grey"
"ATF4","brown"
"ATF5","turquoise"
"ATF6","grey"
"ATF6B","brown"
"ATF7","brown"
"ATF7IP","brown"
"ATF7IP2","grey"
"ATG10","blue"
"ATG101","grey"
"ATG12","grey"
"ATG13","brown"
"ATG14","turquoise"
"ATG16L1","turquoise"
"ATG2A","turquoise"
"ATG2B","yellow"
"ATG3","grey"
"ATG4A","yellow"
"ATG4B","grey"
"ATG4C","grey"
"ATG4D","turquoise"
"ATG5","turquoise"
"ATG7","purple"
"ATG9A","brown"
"ATG9B","grey"
"ATIC","blue"
"ATL1","grey"
"ATL2","brown"
"ATL3","turquoise"
"ATM","grey"
"ATMIN","brown"
"ATN1","brown"
"ATOH1","salmon"
"ATOH7","blue"
"ATOH8","grey"
"ATOSA","grey"
"ATOSB","grey"
"ATOX1","magenta"
"ATP10A","grey"
"ATP10B","grey"
"ATP10D","turquoise"
"ATP11A","grey"
"ATP11B","turquoise"
"ATP11C","turquoise"
"ATP13A1","turquoise"
"ATP13A2","green"
"ATP13A3","turquoise"
"ATP13A4","yellow"
"ATP1A1","yellow"
"ATP1A2","midnightblue"
"ATP1A3","turquoise"
"ATP1B1","lightcyan"
"ATP1B2","grey"
"ATP1B3","turquoise"
"ATP23","brown"
"ATP2A2","green"
"ATP2A3","grey"
"ATP2B1","turquoise"
"ATP2B4","black"
"ATP2C1","turquoise"
"ATP2C2","grey"
"ATP4A","green"
"ATP5F1A","turquoise"
"ATP5F1B","turquoise"
"ATP5F1C","yellow"
"ATP5F1D","grey"
"ATP5F1E","grey"
"ATP5F1EP2","brown"
"ATP5MC1","brown"
"ATP5MC2","brown"
"ATP5ME","turquoise"
"ATP5MF","brown"
"ATP5MF-PTCD1","turquoise"
"ATP5MG","grey"
"ATP5MJ","grey"
"ATP5MK","grey"
"ATP5PB","turquoise"
"ATP5PD","turquoise"
"ATP5PF","grey"
"ATP5PO","grey"
"ATP6AP1","brown"
"ATP6AP1-DT","blue"
"ATP6AP1L","turquoise"
"ATP6AP2","turquoise"
"ATP6V0A1","blue"
"ATP6V0A2","grey"
"ATP6V0B","grey"
"ATP6V0C","turquoise"
"ATP6V0D1","brown"
"ATP6V0D2","grey"
"ATP6V0E1","brown"
"ATP6V0E2","turquoise"
"ATP6V1A","turquoise"
"ATP6V1B1","blue"
"ATP6V1B2","purple"
"ATP6V1C1","turquoise"
"ATP6V1C2","grey"
"ATP6V1D","turquoise"
"ATP6V1E1","turquoise"
"ATP6V1E2","brown"
"ATP6V1F","brown"
"ATP6V1G1","brown"
"ATP6V1H","turquoise"
"ATP7A","blue"
"ATP7B","grey"
"ATP8A1","grey"
"ATP8B1","lightcyan"
"ATP8B2","lightgreen"
"ATP8B4","purple"
"ATP9A","grey"
"ATPAF1","brown"
"ATPAF2","brown"
"ATPSCKMT","turquoise"
"ATR","turquoise"
"ATRAID","brown"
"ATRN","grey"
"ATRNL1","greenyellow"
"ATRX","turquoise"
"ATXN1","black"
"ATXN10","grey"
"ATXN2","brown"
"ATXN2L","brown"
"ATXN3","turquoise"
"ATXN7","green"
"ATXN7L1","brown"
"ATXN7L2","blue"
"ATXN7L3","grey"
"ATXN7L3B","turquoise"
"AUH","yellow"
"AUP1","brown"
"AURKA","magenta"
"AURKAIP1","blue"
"AURKB","magenta"
"AUTS2","grey"
"AVEN","grey"
"AVIL","grey"
"AVL9","grey"
"AVP","blue"
"AVPI1","brown"
"AVPR1A","grey"
"AXL","black"
"AZGP1","yellow"
"AZI2","grey"
"AZIN1","turquoise"
"AZIN2","grey"
"AZU1","blue"
"B2M","green"
"B3GALNT1","grey"
"B3GALNT2","yellow"
"B3GALT1","grey"
"B3GALT2","grey"
"B3GALT4","turquoise"
"B3GALT5","grey"
"B3GALT5-AS1","grey"
"B3GALT6","blue"
"B3GAT1","blue"
"B3GAT3","grey"
"B3GLCT","turquoise"
"B3GNT2","turquoise"
"B3GNT3","pink"
"B3GNT5","turquoise"
"B3GNT6","grey"
"B3GNT7","grey"
"B3GNT9","grey"
"B4GALNT1","grey"
"B4GALNT2","blue"
"B4GALNT3","pink"
"B4GALNT4","blue"
"B4GALT1","black"
"B4GALT2","grey"
"B4GALT3","brown"
"B4GALT4","turquoise"
"B4GALT5","brown"
"B4GALT6","grey"
"B4GALT7","brown"
"B4GAT1","grey"
"B9D1","grey"
"B9D2","blue"
"BAAT","grey"
"BACC1","brown"
"BACE1","green"
"BACE2","grey"
"BACH1","turquoise"
"BACH2","red"
"BAG1","grey"
"BAG2","turquoise"
"BAG3","grey"
"BAG5","turquoise"
"BAG6","grey"
"BAGE3","grey"
"BAHCC1","turquoise"
"BAIAP2","grey"
"BAIAP2-DT","grey"
"BAIAP2L1","pink"
"BAIAP2L2","grey"
"BAIAP3","greenyellow"
"BAK1","turquoise"
"BAMBI","grey"
"BANF2","green"
"BANK1","red"
"BANP","grey"
"BAP1","brown"
"BARD1","magenta"
"BARHL1","blue"
"BARHL2","blue"
"BARX1","blue"
"BARX2","grey"
"BASP1","yellow"
"BATF","grey"
"BATF2","turquoise"
"BAX","turquoise"
"BAZ1A","black"
"BAZ1B","turquoise"
"BAZ2A","brown"
"BAZ2B","grey"
"BBC3","blue"
"BBLN","blue"
"BBOX1","grey"
"BBS10","grey"
"BBS12","turquoise"
"BBS2","turquoise"
"BBS4","blue"
"BBS5","grey"
"BBS7","blue"
"BBS9","turquoise"
"BBX","blue"
"BCAM","grey"
"BCAN","blue"
"BCAP31","grey"
"BCAR1","turquoise"
"BCAR3","grey"
"BCAS1","pink"
"BCAS2","turquoise"
"BCAS3","grey"
"BCAS4","blue"
"BCAT1","yellow"
"BCAT2","green"
"BCCIP","turquoise"
"BCHE","grey"
"BCKDHA","brown"
"BCKDHB","grey"
"BCKDK","grey"
"BCL10","grey"
"BCL11A","grey"
"BCL11B","grey"
"BCL2","grey"
"BCL2A1","grey"
"BCL2L1","grey"
"BCL2L10","grey"
"BCL2L11","grey"
"BCL2L14","grey"
"BCL2L15","grey"
"BCL2L2","turquoise"
"BCL3","turquoise"
"BCL6","grey"
"BCL6B","tan"
"BCL7A","grey"
"BCL7B","brown"
"BCL9","brown"
"BCL9L","brown"
"BCLAF1","turquoise"
"BCLAF3","turquoise"
"BCO1","grey"
"BCO2","grey"
"BCORP1","grey"
"BCR","grey"
"BCS1L","grey"
"BDH1","grey"
"BDH2","blue"
"BDKRB1","grey"
"BDKRB2","grey"
"BDP1","turquoise"
"BEGAIN","grey"
"BEND4","grey"
"BEND5","grey"
"BEND6","grey"
"BEND7","grey"
"BEST1","grey"
"BEST4","blue"
"BET1","grey"
"BET1L","brown"
"BEX1","yellow"
"BEX2","grey"
"BEX3","turquoise"
"BEX4","grey"
"BEX5","black"
"BFAR","grey"
"BGN","brown"
"BHLHA15","green"
"BHLHA9","blue"
"BHLHE23","blue"
"BHLHE40","brown"
"BHLHE41","grey"
"BHMT2","lightgreen"
"BICC1","grey"
"BICD1","turquoise"
"BICDL1","grey"
"BICDL2","green"
"BICRA","turquoise"
"BICRAL","grey"
"BID","brown"
"BIK","grey"
"BIN2","red"
"BIN3","grey"
"BIN3-IT1","grey"
"BIRC2","turquoise"
"BIRC3","turquoise"
"BIRC5","grey"
"BIRC6","turquoise"
"BIRC7","blue"
"BIVM","grey"
"BLCAP","turquoise"
"BLID","turquoise"
"BLK","red"
"BLM","grey"
"BLMH","turquoise"
"BLNK","grey"
"BLOC1S1","brown"
"BLOC1S2","turquoise"
"BLOC1S3","blue"
"BLOC1S4","grey"
"BLOC1S6","turquoise"
"BLTP1","grey"
"BLTP2","blue"
"BLTP3A","grey"
"BLTP3B","turquoise"
"BLVRA","turquoise"
"BLVRB","grey"
"BLZF1","grey"
"BMAL1","grey"
"BMAL2","pink"
"BMERB1","grey"
"BMF","grey"
"BMP1","brown"
"BMP2","grey"
"BMP2K","purple"
"BMP3","grey"
"BMP4","grey"
"BMP5","greenyellow"
"BMP6","grey"
"BMP7","grey"
"BMP8A","grey"
"BMP8B","grey"
"BMPER","pink"
"BMPR1A","blue"
"BMPR1B","grey"
"BMPR2","black"
"BMS1","turquoise"
"BMS1P20","turquoise"
"BMX","grey"
"BNC2","black"
"BNIP2","turquoise"
"BNIP3","yellow"
"BNIP3L","black"
"BNIP5","grey"
"BOC","grey"
"BOD1","grey"
"BOD1L1","grey"
"BOD1L2","blue"
"BOK","turquoise"
"BOLA2","brown"
"BOLA3","grey"
"BOP1","turquoise"
"BORA","magenta"
"BORCS5","grey"
"BORCS6","blue"
"BORCS7","turquoise"
"BORCS8","turquoise"
"BPGM","grey"
"BPHL","grey"
"BPIFA1","grey"
"BPIFB1","grey"
"BPIFB3","blue"
"BPIFB6","blue"
"BPNT1","turquoise"
"BPNT2","grey"
"BPTF","grey"
"BRAF","grey"
"BRAP","turquoise"
"BRCA1","magenta"
"BRCA2","magenta"
"BRCC3","grey"
"BRD10","grey"
"BRD4","turquoise"
"BRD7","turquoise"
"BRD8","grey"
"BRD9","grey"
"BRF2","grey"
"BRI3","brown"
"BRI3BP","brown"
"BRINP3","grey"
"BRIP1","magenta"
"BRIX1","turquoise"
"BRK1","brown"
"BRMS1","grey"
"BRMS1L","turquoise"
"BROX","grey"
"BRPF1","brown"
"BRPF3","brown"
"BRSK1","blue"
"BRSK2","green"
"BRWD1","turquoise"
"BRWD3","blue"
"BSCL2","grey"
"BSDC1","turquoise"
"BSG","brown"
"BSPRY","yellow"
"BST1","turquoise"
"BST2","grey"
"BTAF1","turquoise"
"BTBD1","turquoise"
"BTBD10","blue"
"BTBD2","brown"
"BTBD3","grey"
"BTBD6","grey"
"BTBD7","turquoise"
"BTBD8","grey"
"BTBD9","turquoise"
"BTD","grey"
"BTF3L4","grey"
"BTG1","grey"
"BTG2","grey"
"BTG3","brown"
"BTK","purple"
"BTLA","red"
"BTN2A1","turquoise"
"BTN2A2","grey"
"BTN2A3P","brown"
"BTN3A1","red"
"BTN3A2","purple"
"BTN3A3","red"
"BTNL2","blue"
"BTNL3","salmon"
"BTNL8","grey"
"BTNL9","midnightblue"
"BTRC","grey"
"BUB1","magenta"
"BUB1B-PAK6","magenta"
"BUB3","turquoise"
"BUD23","grey"
"BUD31","turquoise"
"BYSL","grey"
"BZW1","turquoise"
"BZW2","grey"
"C10orf120","blue"
"C10orf62","green"
"C10orf88","grey"
"C10orf95","blue"
"C11orf24","brown"
"C11orf52","yellow"
"C11orf54","yellow"
"C11orf58","turquoise"
"C11orf68","turquoise"
"C11orf71","brown"
"C11orf86","blue"
"C11orf87","blue"
"C11orf96","grey"
"C11orf98","turquoise"
"C12orf42","red"
"C12orf56","grey"
"C12orf57","grey"
"C12orf60","brown"
"C12orf75","grey"
"C12orf76","turquoise"
"C14orf119","blue"
"C14orf132","grey"
"C14orf180","blue"
"C15orf39","turquoise"
"C15orf48","pink"
"C15orf61","grey"
"C16orf54","grey"
"C16orf74","grey"
"C16orf86","blue"
"C16orf87","grey"
"C16orf89","grey"
"C16orf92","blue"
"C17orf50","blue"
"C17orf58","grey"
"C17orf75","turquoise"
"C17orf78","salmon"
"C17orf99","blue"
"C18orf21","brown"
"C18orf54","grey"
"C19orf12","grey"
"C19orf25","blue"
"C19orf33","grey"
"C19orf47","turquoise"
"C19orf48P","grey"
"C19orf53","brown"
"C1D","turquoise"
"C1GALT1","pink"
"C1GALT1C1","turquoise"
"C1QA","red"
"C1QB","red"
"C1QBP","grey"
"C1QC","red"
"C1QL1","blue"
"C1QL3","blue"
"C1QL4","blue"
"C1QTNF1","turquoise"
"C1QTNF12","blue"
"C1QTNF2","grey"
"C1QTNF3","grey"
"C1QTNF4","blue"
"C1QTNF6","grey"
"C1QTNF7","grey"
"C1QTNF8","blue"
"C1QTNF9","grey"
"C1QTNF9B","grey"
"C1R","black"
"C1RL","brown"
"C1S","turquoise"
"C1orf115","grey"
"C1orf116","pink"
"C1orf122","turquoise"
"C1orf159","turquoise"
"C1orf162","red"
"C1orf167","blue"
"C1orf198","grey"
"C1orf21","grey"
"C1orf210","green"
"C1orf216","brown"
"C1orf220","grey"
"C1orf35","blue"
"C1orf43","grey"
"C1orf53","blue"
"C1orf54","turquoise"
"C1orf56","green"
"C1orf74","grey"
"C1orf94","blue"
"C2","grey"
"C20orf141","blue"
"C20orf144","blue"
"C20orf173","blue"
"C20orf181","blue"
"C20orf203","grey"
"C20orf204","blue"
"C20orf96","brown"
"C21orf91","turquoise"
"C22orf39","grey"
"C22orf42","grey"
"C22orf46P","turquoise"
"C2CD2","grey"
"C2CD2L","turquoise"
"C2CD3","brown"
"C2CD4A","blue"
"C2CD4B","green"
"C2CD4C","blue"
"C2CD5","blue"
"C2orf15","grey"
"C2orf49","grey"
"C2orf66","grey"
"C2orf69","turquoise"
"C2orf74-DT","grey"
"C2orf76","grey"
"C2orf81","blue"
"C2orf88","grey"
"C3","grey"
"C3AR1","purple"
"C3orf18","blue"
"C3orf33","yellow"
"C3orf36","grey"
"C3orf38","blue"
"C3orf52","lightcyan"
"C3orf70","grey"
"C4A","grey"
"C4BPA","grey"
"C4BPB","grey"
"C4orf33","grey"
"C4orf46","blue"
"C4orf50","grey"
"C5","yellow"
"C5AR1","grey"
"C5AR2","grey"
"C5orf15","grey"
"C5orf22","grey"
"C5orf24","brown"
"C5orf34","magenta"
"C5orf46","grey"
"C5orf63","grey"
"C6","yellow"
"C6orf120","turquoise"
"C6orf132","pink"
"C6orf136","turquoise"
"C6orf141","grey"
"C6orf15","grey"
"C6orf163","grey"
"C6orf58","grey"
"C6orf62","turquoise"
"C7","tan"
"C7orf25","turquoise"
"C8G","blue"
"C8orf33","grey"
"C8orf44-SGK3","grey"
"C8orf74","blue"
"C8orf82","blue"
"C9orf152","grey"
"C9orf163","blue"
"C9orf40","blue"
"C9orf50","blue"
"C9orf72","turquoise"
"C9orf78","blue"
"C9orf85","grey"
"CA1","grey"
"CA11","blue"
"CA12","grey"
"CA13","grey"
"CA2","grey"
"CA3","grey"
"CA4","green"
"CA5B","grey"
"CA5BP1","turquoise"
"CA8","grey"
"CA9","grey"
"CAAP1","turquoise"
"CAB39","grey"
"CAB39L","grey"
"CABLES1","grey"
"CABLES2","turquoise"
"CABP1","blue"
"CABP2","blue"
"CABP4","blue"
"CABP7","grey"
"CACFD1","grey"
"CACHD1","grey"
"CACNA1A","greenyellow"
"CACNA1C","lightgreen"
"CACNA1D","greenyellow"
"CACNA1H","grey"
"CACNA2D1","turquoise"
"CACNA2D2","greenyellow"
"CACNA2D3","grey"
"CACNB1","grey"
"CACNB2","grey"
"CACNB3","black"
"CACNB4","grey"
"CACNG4","grey"
"CACNG5","blue"
"CACNG7","blue"
"CACNG8","blue"
"CACTIN","turquoise"
"CACTIN-AS1","blue"
"CACUL1","brown"
"CACYBP","turquoise"
"CADM1","grey"
"CADM2","grey"
"CADM3","grey"
"CADM4","grey"
"CADPS","grey"
"CADPS2","yellow"
"CALB1","grey"
"CALB2","grey"
"CALCB","blue"
"CALCOCO1","grey"
"CALCOCO2","grey"
"CALCRL","tan"
"CALD1","black"
"CALHM2","grey"
"CALHM3","blue"
"CALHM5","black"
"CALM1","blue"
"CALM2","grey"
"CALM3","brown"
"CALML4","grey"
"CALN1","green"
"CALR","brown"
"CALU","turquoise"
"CAMK1","grey"
"CAMK1D","yellow"
"CAMK2B","greenyellow"
"CAMK2D","green"
"CAMK2G","grey"
"CAMK2N1","grey"
"CAMK2N2","blue"
"CAMK4","purple"
"CAMKMT","yellow"
"CAMLG","turquoise"
"CAMSAP1","grey"
"CAMSAP2","turquoise"
"CAMSAP3","turquoise"
"CAMTA1","grey"
"CAMTA2","turquoise"
"CAND1","turquoise"
"CAND2","turquoise"
"CANT1","brown"
"CANX","brown"
"CAP1","pink"
"CAP2","grey"
"CAPG","pink"
"CAPN1","pink"
"CAPN13","grey"
"CAPN15","blue"
"CAPN2","pink"
"CAPN3","grey"
"CAPN5","pink"
"CAPN6","grey"
"CAPN7","grey"
"CAPN9","grey"
"CAPNS1","brown"
"CAPNS2","grey"
"CAPRIN2","grey"
"CAPS","grey"
"CAPS2","grey"
"CAPZA1","grey"
"CAPZA2","turquoise"
"CAPZB","black"
"CARD10","grey"
"CARD11","grey"
"CARD14","blue"
"CARD16","grey"
"CARD19","brown"
"CARD6","grey"
"CARF","grey"
"CARHSP1","brown"
"CARINH","brown"
"CARM1","brown"
"CARMIL1","grey"
"CARMIL2","grey"
"CARNMT1","grey"
"CARNS1","blue"
"CARS1","cyan"
"CARS2","brown"
"CARTPT","grey"
"CASD1","turquoise"
"CASK","grey"
"CASKIN1","blue"
"CASKIN2","midnightblue"
"CASP1","grey"
"CASP10","grey"
"CASP14","grey"
"CASP2","brown"
"CASP3","turquoise"
"CASP4","blue"
"CASP6","turquoise"
"CASP7","turquoise"
"CASP8","grey"
"CASP8AP2","turquoise"
"CASP9","grey"
"CASQ1","grey"
"CASQ2","grey"
"CASR","greenyellow"
"CASS4","grey"
"CAST","pink"
"CASTOR2","grey"
"CASTOR3P","yellow"
"CASZ1","grey"
"CAT","grey"
"CATIP","blue"
"CATSPER2","grey"
"CATSPER2P1","grey"
"CATSPERB","yellow"
"CAV1","grey"
"CAV2","grey"
"CAV3","blue"
"CAVIN1","grey"
"CAVIN2","midnightblue"
"CAVIN3","brown"
"CAVIN4","cyan"
"CBARP","blue"
"CBFA2T3","turquoise"
"CBFB","green"
"CBL","black"
"CBLB","black"
"CBLC","pink"
"CBLL1","brown"
"CBLN1","grey"
"CBLN3","grey"
"CBLN4","grey"
"CBR1","grey"
"CBR4","turquoise"
"CBS","green"
"CBX2","blue"
"CBX3","turquoise"
"CBX4","turquoise"
"CBX5","brown"
"CBX6","grey"
"CBX7","brown"
"CBX8","blue"
"CC2D1A","turquoise"
"CC2D1B","brown"
"CC2D2A","grey"
"CCAR1","blue"
"CCAR2","grey"
"CCDC102B","turquoise"
"CCDC106","blue"
"CCDC107","brown"
"CCDC110","green"
"CCDC112","yellow"
"CCDC116","blue"
"CCDC117","turquoise"
"CCDC12","grey"
"CCDC120","turquoise"
"CCDC121","grey"
"CCDC124","brown"
"CCDC125","grey"
"CCDC126","turquoise"
"CCDC127","turquoise"
"CCDC134","grey"
"CCDC138","turquoise"
"CCDC14","turquoise"
"CCDC140","blue"
"CCDC141","yellow"
"CCDC142","grey"
"CCDC144A","grey"
"CCDC144NL","grey"
"CCDC146","blue"
"CCDC148-AS1","grey"
"CCDC149","yellow"
"CCDC154","blue"
"CCDC157","turquoise"
"CCDC158","grey"
"CCDC159","grey"
"CCDC162P","grey"
"CCDC166","blue"
"CCDC167","brown"
"CCDC17","turquoise"
"CCDC170","grey"
"CCDC171","yellow"
"CCDC174","turquoise"
"CCDC177","blue"
"CCDC18","turquoise"
"CCDC180","grey"
"CCDC181","grey"
"CCDC182","blue"
"CCDC183","grey"
"CCDC186","yellow"
"CCDC190","grey"
"CCDC191","grey"
"CCDC198","yellow"
"CCDC25","yellow"
"CCDC28A","turquoise"
"CCDC3","tan"
"CCDC30","grey"
"CCDC32","grey"
"CCDC34","grey"
"CCDC43","grey"
"CCDC47","turquoise"
"CCDC50","grey"
"CCDC59","grey"
"CCDC6","brown"
"CCDC61","blue"
"CCDC66","grey"
"CCDC68","grey"
"CCDC69","pink"
"CCDC7","grey"
"CCDC71L","blue"
"CCDC74A","grey"
"CCDC77","turquoise"
"CCDC78","blue"
"CCDC8","grey"
"CCDC80","lightgreen"
"CCDC82","turquoise"
"CCDC85B","blue"
"CCDC85C","blue"
"CCDC88A","purple"
"CCDC88C","grey"
"CCDC9","blue"
"CCDC90B","turquoise"
"CCDC91","grey"
"CCDC92","brown"
"CCDC93","blue"
"CCDC97","brown"
"CCDC9B","grey"
"CCHCR1","grey"
"CCKAR","grey"
"CCKBR","green"
"CCL11","grey"
"CCL13","grey"
"CCL14","tan"
"CCL18","grey"
"CCL19","red"
"CCL2","grey"
"CCL20","grey"
"CCL21","red"
"CCL22","grey"
"CCL24","grey"
"CCL25","salmon"
"CCL27","blue"
"CCL28","grey"
"CCL3","grey"
"CCL3L3","grey"
"CCL4","grey"
"CCL4L2","grey"
"CCL5","red"
"CCL8","grey"
"CCM2","grey"
"CCM2L","blue"
"CCN1","grey"
"CCN2","grey60"
"CCN3","grey"
"CCN4","black"
"CCN5","midnightblue"
"CCN6","grey"
"CCNA2","magenta"
"CCNB1","magenta"
"CCNB1IP1","turquoise"
"CCNB2","magenta"
"CCNC","grey"
"CCND1","grey"
"CCND2","grey"
"CCND3","turquoise"
"CCNDBP1","grey"
"CCNE1","magenta"
"CCNE2","magenta"
"CCNG1","brown"
"CCNG2","grey"
"CCNH","grey"
"CCNI2","grey"
"CCNJL","blue"
"CCNK","brown"
"CCNL1","turquoise"
"CCNO","blue"
"CCNP","blue"
"CCNT1","grey"
"CCNT2","grey"
"CCNYL1","grey"
"CCP110","turquoise"
"CCPG1","yellow"
"CCR1","purple"
"CCR10","grey"
"CCR2","grey"
"CCR4","red"
"CCR6","turquoise"
"CCR7","red"
"CCR8","grey"
"CCRL2","grey"
"CCSER1","grey"
"CCSER2","grey"
"CCT2","turquoise"
"CCT3","turquoise"
"CCT4","turquoise"
"CCT5","turquoise"
"CCT6A","turquoise"
"CCT6B","turquoise"
"CCT7","turquoise"
"CCT8","brown"
"CCZ1P-OR7E38P","grey"
"CD109","turquoise"
"CD14","red"
"CD151","brown"
"CD163","purple"
"CD163L1","grey"
"CD164","blue"
"CD164L2","blue"
"CD177","grey"
"CD180","red"
"CD19","red"
"CD1A","grey"
"CD1C","purple"
"CD1D","red"
"CD1E","grey"
"CD2","purple"
"CD200","grey"
"CD200R1","red"
"CD207","grey"
"CD209","grey"
"CD22","red"
"CD226","purple"
"CD24","lightcyan"
"CD247","red"
"CD248","black"
"CD27","red"
"CD274","grey"
"CD276","brown"
"CD28","red"
"CD2AP","grey"
"CD2BP2","grey"
"CD300A","purple"
"CD300C","grey"
"CD300E","grey"
"CD300LF","grey"
"CD300LG","midnightblue"
"CD320","turquoise"
"CD33","grey60"
"CD34","grey60"
"CD36","tan"
"CD37","red"
"CD38","red"
"CD3D","red"
"CD3E","red"
"CD3G","red"
"CD4","red"
"CD40","grey"
"CD40LG","red"
"CD44","grey"
"CD46","grey"
"CD47","turquoise"
"CD48","purple"
"CD5","red"
"CD52","red"
"CD53","purple"
"CD55","pink"
"CD58","black"
"CD59","grey"
"CD5L","grey"
"CD6","red"
"CD63","turquoise"
"CD68","red"
"CD69","purple"
"CD7","blue"
"CD70","grey"
"CD72","red"
"CD74","red"
"CD79A","red"
"CD79B","red"
"CD80","grey"
"CD81","brown"
"CD82","pink"
"CD83","grey"
"CD84","red"
"CD86","purple"
"CD8A","red"
"CD9","turquoise"
"CD93","grey"
"CD96","red"
"CD99","turquoise"
"CD99L2","grey"
"CDA","grey"
"CDADC1","turquoise"
"CDC123","grey"
"CDC14A","purple"
"CDC14B","turquoise"
"CDC14C","blue"
"CDC16","turquoise"
"CDC20","magenta"
"CDC20B","grey"
"CDC23","turquoise"
"CDC25B","black"
"CDC25C","magenta"
"CDC26","turquoise"
"CDC27","turquoise"
"CDC34","brown"
"CDC37","grey"
"CDC37L1","turquoise"
"CDC40","turquoise"
"CDC42","grey"
"CDC42BPA","grey"
"CDC42BPB","grey"
"CDC42BPG","turquoise"
"CDC42EP1","grey"
"CDC42EP2","grey"
"CDC42EP3","grey"
"CDC42EP4","grey"
"CDC42EP5","blue"
"CDC42SE1","black"
"CDC42SE2","grey"
"CDC45","magenta"
"CDC5L","grey"
"CDC6","magenta"
"CDC7","turquoise"
"CDC73","grey"
"CDCA2","magenta"
"CDCA3","grey"
"CDCA4","grey"
"CDCA5","magenta"
"CDCA7","grey"
"CDCA7L","grey"
"CDCA8","magenta"
"CDCP1","pink"
"CDH1","pink"
"CDH10","greenyellow"
"CDH11","black"
"CDH13","grey"
"CDH17","grey"
"CDH19","grey"
"CDH2","grey"
"CDH22","turquoise"
"CDH23","green"
"CDH24","grey"
"CDH26","grey"
"CDH3","pink"
"CDH4","blue"
"CDH5","tan"
"CDH6","grey"
"CDHR2","pink"
"CDHR3","grey"
"CDHR4","blue"
"CDHR5","grey"
"CDIN1","brown"
"CDIP1","pink"
"CDIPT","grey"
"CDK1","magenta"
"CDK10","brown"
"CDK11A","grey"
"CDK11B","grey"
"CDK12","brown"
"CDK14","grey"
"CDK15","grey"
"CDK16","brown"
"CDK17","black"
"CDK18","pink"
"CDK2","grey"
"CDK2AP1","brown"
"CDK2AP2","turquoise"
"CDK4","brown"
"CDK5","grey"
"CDK5R1","blue"
"CDK5R2","blue"
"CDK5RAP2","turquoise"
"CDK5RAP3","turquoise"
"CDK6","grey"
"CDK7","turquoise"
"CDK8","grey"
"CDK9","brown"
"CDKL2","grey"
"CDKL5","grey"
"CDKN1A","turquoise"
"CDKN1B","brown"
"CDKN1C","blue"
"CDKN2A","grey"
"CDKN2AIP","grey"
"CDKN2AIPNL","brown"
"CDKN2B","grey"
"CDKN2D","blue"
"CDKN3","magenta"
"CDNF","green"
"CDO1","grey"
"CDON","tan"
"CDR1","grey"
"CDR2","grey"
"CDR2L","grey"
"CDRT15P3","blue"
"CDRT4","grey"
"CDS1","tan"
"CDS2","brown"
"CDSN","blue"
"CDT1","blue"
"CDX1","blue"
"CDYL2","turquoise"
"CEACAM1","pink"
"CEACAM16","blue"
"CEACAM19","grey"
"CEACAM20","salmon"
"CEACAM5","pink"
"CEACAM6","pink"
"CEACAM7","grey"
"CEACAM8","grey"
"CEBPA","grey"
"CEBPB","turquoise"
"CEBPD","turquoise"
"CEBPE","blue"
"CEBPG","grey"
"CEBPZ","turquoise"
"CECR2","pink"
"CEL","yellow"
"CELA2A","yellow"
"CELA2B","yellow"
"CELA3A","yellow"
"CELA3B","yellow"
"CELF1","blue"
"CELF2","red"
"CELF3","greenyellow"
"CELF4","blue"
"CELF5","blue"
"CELP","green"
"CELSR1","pink"
"CELSR2","turquoise"
"CELSR3","grey"
"CEMIP","grey"
"CEMIP2","turquoise"
"CENATAC","brown"
"CEND1","blue"
"CENPA","magenta"
"CENPBD1P","turquoise"
"CENPC","grey"
"CENPE","magenta"
"CENPF","magenta"
"CENPI","magenta"
"CENPK","magenta"
"CENPL","magenta"
"CENPM","grey"
"CENPN","magenta"
"CENPO","magenta"
"CENPT","turquoise"
"CENPU","magenta"
"CENPV","grey"
"CENPW","grey"
"CENPX","turquoise"
"CEP112","grey"
"CEP120","grey"
"CEP126","grey"
"CEP128","turquoise"
"CEP135","turquoise"
"CEP15","grey"
"CEP152","turquoise"
"CEP162","turquoise"
"CEP164","yellow"
"CEP170","black"
"CEP170B","grey"
"CEP170P1","grey"
"CEP192","turquoise"
"CEP20","brown"
"CEP250","grey"
"CEP290","turquoise"
"CEP295","grey"
"CEP295NL","grey"
"CEP43","turquoise"
"CEP44","turquoise"
"CEP55","magenta"
"CEP57","grey"
"CEP57L1","turquoise"
"CEP63","turquoise"
"CEP68","grey"
"CEP70","yellow"
"CEP72-DT","blue"
"CEP76","grey"
"CEP78","turquoise"
"CEP83","grey"
"CEP85","grey"
"CEP85L","grey"
"CEP89","grey"
"CEP95","turquoise"
"CEP97","turquoise"
"CEPT1","grey"
"CERCAM","brown"
"CERK","grey"
"CERKL","greenyellow"
"CERS1","blue"
"CERS2","grey"
"CERS4","green"
"CERS5","brown"
"CERS6","pink"
"CERT1","turquoise"
"CES1","grey"
"CES1P1","grey"
"CES2","grey"
"CES3","grey"
"CES4A","greenyellow"
"CES5A","blue"
"CETN2","brown"
"CETN3","turquoise"
"CETP","grey"
"CFAP126","grey"
"CFAP144P1","blue"
"CFAP20","blue"
"CFAP20DC","grey"
"CFAP221","yellow"
"CFAP251","grey"
"CFAP263","grey"
"CFAP276","grey"
"CFAP298","turquoise"
"CFAP36","turquoise"
"CFAP410","blue"
"CFAP418","grey"
"CFAP43","grey"
"CFAP44","grey"
"CFAP47","grey"
"CFAP54","turquoise"
"CFAP68","grey"
"CFAP69","turquoise"
"CFAP70","yellow"
"CFAP73","blue"
"CFAP77","blue"
"CFAP91","yellow"
"CFAP97","grey"
"CFB","grey"
"CFC1B","grey"
"CFD","midnightblue"
"CFDP1","turquoise"
"CFH","turquoise"
"CFHR1","grey"
"CFHR3","grey"
"CFHR4","grey"
"CFI","grey"
"CFL1","brown"
"CFL2","turquoise"
"CFLAR","blue"
"CFP","grey"
"CFTR","yellow"
"CGAS","turquoise"
"CGB2","blue"
"CGB3","grey"
"CGB5","grey"
"CGN","pink"
"CGNL1","yellow"
"CGRRF1","turquoise"
"CH25H","grey"
"CHAC1","green"
"CHAD","green"
"CHADL","blue"
"CHAF1B","grey"
"CHAMP1","grey"
"CHCHD1","turquoise"
"CHCHD10","brown"
"CHCHD2","grey"
"CHCHD3","grey"
"CHCHD5","grey"
"CHCHD7","turquoise"
"CHD1","turquoise"
"CHD1L","turquoise"
"CHD2","turquoise"
"CHD3","grey"
"CHD4","turquoise"
"CHD5","blue"
"CHD6","grey"
"CHD7","grey"
"CHD8","turquoise"
"CHDH","green"
"CHEK1","magenta"
"CHERP","turquoise"
"CHFR","turquoise"
"CHGA","greenyellow"
"CHGB","greenyellow"
"CHI3L1","grey"
"CHI3L2","grey"
"CHIC2","brown"
"CHID1","brown"
"CHIT1","grey"
"CHKA","lightcyan"
"CHL1","grey"
"CHLSN","green"
"CHM","grey"
"CHML","turquoise"
"CHMP1A","grey"
"CHMP1B","brown"
"CHMP2A","brown"
"CHMP2B","turquoise"
"CHMP3","turquoise"
"CHMP4A","turquoise"
"CHMP4C","pink"
"CHMP5","grey"
"CHMP6","turquoise"
"CHMP7","grey"
"CHN1","turquoise"
"CHN2","green"
"CHORDC1","grey"
"CHP1","brown"
"CHP1P2","grey"
"CHP2","salmon"
"CHPF","turquoise"
"CHPF2","brown"
"CHPT1","grey"
"CHRD","grey"
"CHRDL1","tan"
"CHRDL2","grey"
"CHRFAM7A","grey"
"CHRM1","green"
"CHRM3","yellow"
"CHRNA1","grey"
"CHRNA10","blue"
"CHRNA3","grey"
"CHRNA5","grey"
"CHRNA6","grey"
"CHRNA7","green"
"CHRNB1","green"
"CHRNB2","turquoise"
"CHRNB3","yellow"
"CHRNB4","blue"
"CHRNE","grey"
"CHST1","grey"
"CHST10","grey"
"CHST11","brown"
"CHST13","blue"
"CHST14","blue"
"CHST15","grey"
"CHST2","blue"
"CHST3","turquoise"
"CHST4","grey"
"CHST5","grey"
"CHST6","grey"
"CHST7","blue"
"CHST8","blue"
"CHST9","yellow"
"CHSY1","grey"
"CHSY3","grey"
"CHTF18","blue"
"CHTF8","brown"
"CHUK","turquoise"
"CHURC1-FNTB","grey"
"CIAO1","brown"
"CIAO2A","turquoise"
"CIAO2B","grey"
"CIAO3","grey"
"CIAPIN1","grey"
"CIART","grey"
"CIB1","grey"
"CIB2","grey"
"CIBAR1","grey"
"CIDEA","midnightblue"
"CIDEB","grey"
"CIDEC","midnightblue"
"CIITA","red"
"CILK1","grey"
"CILP","grey"
"CILP2","blue"
"CIMAP1A","blue"
"CIMAP1B","blue"
"CIMAP1C","grey"
"CIMAP1D","blue"
"CIMAP3","yellow"
"CIMIP1","grey"
"CIMIP2A","blue"
"CIMIP2C","grey"
"CIP2A","magenta"
"CIR1","grey"
"CIRBP","grey"
"CIROZ","blue"
"CISD1","blue"
"CISD2","grey"
"CISH","grey"
"CIT","magenta"
"CITED1","blue"
"CITED2","turquoise"
"CITED4","blue"
"CIZ1","brown"
"CKAP2","magenta"
"CKAP2L","magenta"
"CKAP4","turquoise"
"CKAP5","turquoise"
"CKB","grey"
"CKLF","pink"
"CKMT1B","pink"
"CKMT2","grey"
"CKS2","grey"
"CLASP1","blue"
"CLASP2","turquoise"
"CLBA1","grey"
"CLC","grey"
"CLCA1","salmon"
"CLCA2","grey"
"CLCA4","grey"
"CLCC1","yellow"
"CLCF1","turquoise"
"CLCN2","grey"
"CLCN3","turquoise"
"CLCN4","grey"
"CLCN5","grey"
"CLCN6","brown"
"CLCN7","brown"
"CLCNKA","blue"
"CLDN1","pink"
"CLDN10","yellow"
"CLDN11","grey"
"CLDN12","pink"
"CLDN14","blue"
"CLDN16","grey"
"CLDN18","grey"
"CLDN19","blue"
"CLDN2","grey"
"CLDN23","blue"
"CLDN3","green"
"CLDN34","grey"
"CLDN4","pink"
"CLDN5","grey"
"CLDN6","grey"
"CLDN7","pink"
"CLDN8","grey"
"CLDN9","blue"
"CLDND1","black"
"CLDND2","blue"
"CLEC10A","grey"
"CLEC11A","blue"
"CLEC12A","grey"
"CLEC12A-AS1","grey"
"CLEC14A","grey"
"CLEC16A","brown"
"CLEC17A","red"
"CLEC18A","blue"
"CLEC1A","tan"
"CLEC2B","turquoise"
"CLEC2D","turquoise"
"CLEC3B","grey"
"CLEC4A","turquoise"
"CLEC4C","grey"
"CLEC4D","grey"
"CLEC4E","grey"
"CLEC4F","grey"
"CLEC4G","grey"
"CLEC4GP1","blue"
"CLEC4M","grey"
"CLEC5A","grey"
"CLEC7A","purple"
"CLECL1P","grey"
"CLGN","grey"
"CLHC1","turquoise"
"CLIC1","grey"
"CLIC2","purple"
"CLIC3","grey"
"CLIC4","black"
"CLIC5","grey"
"CLIC6","grey"
"CLINT1","grey"
"CLIP1","grey"
"CLIP3","grey"
"CLIP4","turquoise"
"CLK1","turquoise"
"CLK2","brown"
"CLK4","turquoise"
"CLMN","grey"
"CLMP","grey"
"CLN5","brown"
"CLN6","brown"
"CLN8","grey"
"CLNK","red"
"CLNS1A","grey"
"CLOCK","grey"
"CLPP","brown"
"CLPS","yellow"
"CLPSL2","blue"
"CLPTM1","brown"
"CLPTM1L","turquoise"
"CLPX","turquoise"
"CLRN3","grey"
"CLSPN","magenta"
"CLSTN1","grey"
"CLSTN2","grey"
"CLSTN3","black"
"CLTA","grey"
"CLTB","pink"
"CLTC","turquoise"
"CLTCL1","grey"
"CLTRN","grey"
"CLU","grey"
"CLUAP1","turquoise"
"CLUH","turquoise"
"CLUHP3","brown"
"CLYBL","grey"
"CMA1","grey"
"CMAHP","grey"
"CMAS","turquoise"
"CMBL","grey"
"CMC2","brown"
"CMC4","grey"
"CMIP","brown"
"CMKLR1","red"
"CMPK1","grey"
"CMPK2","grey"
"CMSS1","grey"
"CMTM3","brown"
"CMTM4","grey"
"CMTM6","turquoise"
"CMTM7","grey"
"CMTM8","yellow"
"CMYA5","grey"
"CNBP","turquoise"
"CNDP2","grey"
"CNEP1R1","grey"
"CNFN","turquoise"
"CNGA1","grey"
"CNIH1","grey"
"CNIH2","greenyellow"
"CNIH3","grey"
"CNIH4","grey"
"CNKSR1","turquoise"
"CNKSR2","grey"
"CNKSR3","yellow"
"CNN1","grey"
"CNN2","brown"
"CNN3","grey"
"CNNM1","grey"
"CNNM2","grey"
"CNNM3","green"
"CNNM4","pink"
"CNOT1","brown"
"CNOT10","turquoise"
"CNOT11","grey"
"CNOT2","brown"
"CNOT3","brown"
"CNOT4","grey"
"CNOT6","turquoise"
"CNOT6L","turquoise"
"CNOT7","grey"
"CNOT8","turquoise"
"CNOT9","brown"
"CNP","turquoise"
"CNPPD1","brown"
"CNPY3","brown"
"CNPY4","turquoise"
"CNR1","grey"
"CNR2","red"
"CNRIP1","grey"
"CNST","grey"
"CNTD1","green"
"CNTFR","midnightblue"
"CNTLN","turquoise"
"CNTN1","grey"
"CNTN2","blue"
"CNTN3","grey"
"CNTN4","grey"
"CNTNAP1","grey"
"CNTNAP3B","grey"
"CNTNAP5","grey"
"CNTRL","turquoise"
"COA1","brown"
"COA3","yellow"
"COA5","grey"
"COA6","grey"
"COA7","turquoise"
"COA8","turquoise"
"COASY","grey"
"COBL","lightcyan"
"COBLL1","green"
"COCH","grey"
"COG1","brown"
"COG2","turquoise"
"COG3","grey"
"COG4","blue"
"COG6","yellow"
"COG7","grey"
"COIL","turquoise"
"COL10A1","black"
"COL11A1","grey"
"COL12A1","black"
"COL14A1","lightgreen"
"COL15A1","grey"
"COL16A1","grey"
"COL17A1","pink"
"COL18A1","blue"
"COL19A1","grey"
"COL1A1","black"
"COL1A2","black"
"COL20A1","blue"
"COL21A1","grey"
"COL22A1","grey"
"COL23A1","blue"
"COL24A1","grey"
"COL26A1","blue"
"COL27A1","grey"
"COL28A1","grey"
"COL2A1","blue"
"COL3A1","black"
"COL4A1","black"
"COL4A2","black"
"COL4A5","grey"
"COL5A1","black"
"COL5A2","black"
"COL5A3","blue"
"COL6A1","grey"
"COL6A2","grey"
"COL6A3","black"
"COL6A6","grey"
"COL7A1","grey"
"COL8A1","black"
"COL8A2","grey"
"COL9A2","blue"
"COL9A3","blue"
"COLCA1","grey"
"COLEC11","grey"
"COLEC12","grey"
"COLGALT1","brown"
"COLGALT2","grey"
"COMMD1","grey"
"COMMD10","grey"
"COMMD2","grey"
"COMMD3-BMI1","turquoise"
"COMMD6","brown"
"COMMD8","grey"
"COMP","black"
"COMT","grey"
"COMTD1","green"
"COP1","turquoise"
"COPA","grey"
"COPB1","turquoise"
"COPB2","turquoise"
"COPE","brown"
"COPG1","brown"
"COPRS","brown"
"COPS2","grey"
"COPS3","grey"
"COPS4","blue"
"COPS5","turquoise"
"COPS6","grey"
"COPS7A","brown"
"COPS8","grey"
"COPS9","turquoise"
"COPZ1","grey"
"COPZ2","grey"
"COQ10A","green"
"COQ10B","grey"
"COQ4","turquoise"
"COQ5","grey"
"COQ6","turquoise"
"COQ7","turquoise"
"COQ8A","green"
"COQ8B","grey"
"COQ9","grey"
"CORIN","black"
"CORO1A","red"
"CORO1B","turquoise"
"CORO1C","black"
"CORO2A","pink"
"CORO2B","grey"
"CORO6","grey"
"CORO7","red"
"CORO7-PAM16","blue"
"COTL1","grey"
"COX10","brown"
"COX14","grey"
"COX15","grey"
"COX17","turquoise"
"COX18","turquoise"
"COX19","turquoise"
"COX4I1","brown"
"COX4I2","blue"
"COX5A","grey"
"COX5B","brown"
"COX6A1","brown"
"COX6A2","blue"
"COX6B1","brown"
"COX6B2","grey"
"COX6C","turquoise"
"COX7A1","grey"
"COX7A2","grey"
"COX7B","grey"
"COX7C","grey"
"COX8A","brown"
"CP","grey"
"CPA1","yellow"
"CPA2","yellow"
"CPA3","grey"
"CPA4","grey"
"CPA6","grey"
"CPAMD8","blue"
"CPAP","turquoise"
"CPB1","yellow"
"CPB2","grey"
"CPD","grey"
"CPE","grey"
"CPEB2","turquoise"
"CPEB3","yellow"
"CPEB4","grey"
"CPED1","lightgreen"
"CPLANE1","grey"
"CPLANE2","blue"
"CPLX1","blue"
"CPLX2","grey"
"CPM","grey"
"CPN2","blue"
"CPNE2","black"
"CPNE3","brown"
"CPNE4","grey"
"CPNE5","grey"
"CPNE7","grey"
"CPNE8","green"
"CPOX","cyan"
"CPPED1","black"
"CPQ","grey"
"CPS1","grey"
"CPS1-IT1","salmon"
"CPSF1","grey"
"CPSF2","turquoise"
"CPSF3","turquoise"
"CPSF4","grey"
"CPSF4L","grey"
"CPSF6","turquoise"
"CPT1A","grey"
"CPT1B","brown"
"CPT1C","grey"
"CPT2","grey"
"CPTP","grey"
"CPVL","purple"
"CPXM1","grey"
"CPXM2","lightgreen"
"CPZ","grey"
"CR1","purple"
"CR1L","red"
"CR2","red"
"CRABP1","blue"
"CRABP2","grey"
"CRACD","grey"
"CRACDL","blue"
"CRACR2A","grey"
"CRACR2B","green"
"CRAT","green"
"CRB3","blue"
"CRBN","turquoise"
"CRCT1","grey"
"CREB1","blue"
"CREB3","brown"
"CREB3L1","grey"
"CREB3L2","brown"
"CREB3L3","salmon"
"CREB3L4","grey"
"CREB5","grey"
"CREBBP","brown"
"CREBL2","turquoise"
"CREBRF","grey"
"CREBZF","turquoise"
"CREG1","turquoise"
"CREG2","grey"
"CRELD2","grey"
"CREM","grey"
"CRHBP","grey"
"CRHR2","green"
"CRIM1","grey"
"CRIP1","yellow"
"CRIP2","grey"
"CRIP3","blue"
"CRIPT","grey"
"CRISP2","grey"
"CRISP3","grey"
"CRISPLD1","grey"
"CRISPLD2","grey"
"CRLF1","blue"
"CRLF2","grey"
"CRLF3","turquoise"
"CRLS1","grey"
"CRMA","blue"
"CRMP1","greenyellow"
"CRNKL1","turquoise"
"CROCC","blue"
"CROT","turquoise"
"CRP","grey"
"CRSP8P","brown"
"CRTAC1","blue"
"CRTAM","grey"
"CRTAP","brown"
"CRTC1","turquoise"
"CRTC2","turquoise"
"CRTC3","brown"
"CRY1","turquoise"
"CRY2","grey"
"CRYAA","blue"
"CRYAB","tan"
"CRYBA2","greenyellow"
"CRYBB1","blue"
"CRYBB2","blue"
"CRYBB3","blue"
"CRYBG1","turquoise"
"CRYBG2","grey"
"CRYBG3","turquoise"
"CRYL1","grey"
"CRYZ","lightcyan"
"CRYZL1","turquoise"
"CS","brown"
"CSAD","grey"
"CSDC2","blue"
"CSE1L","grey"
"CSF1","grey60"
"CSF1R","red"
"CSF2RA","purple"
"CSF2RB","red"
"CSF3","blue"
"CSF3R","grey"
"CSGALNACT1","grey"
"CSGALNACT2","green"
"CSH2","blue"
"CSK","grey"
"CSMD2","grey"
"CSMD3","grey"
"CSN1S1","grey"
"CSNK1A1","brown"
"CSNK1A1L","blue"
"CSNK1D","grey"
"CSNK1E","brown"
"CSNK1G2","brown"
"CSNK1G3","turquoise"
"CSNK2A2","grey"
"CSNK2A3","blue"
"CSNK2B","blue"
"CSPG4","grey"
"CSPG4P5","turquoise"
"CSPP1","grey"
"CSRNP1","grey"
"CSRNP2","grey"
"CSRNP3","greenyellow"
"CSRP1","brown"
"CSRP2","grey"
"CST1","grey"
"CST2","grey"
"CST3","brown"
"CST4","grey"
"CST6","grey"
"CST7","red"
"CSTA","grey"
"CSTB","pink"
"CSTF1","grey"
"CSTF2","magenta"
"CSTF2T","blue"
"CSTF3","turquoise"
"CSTPP1","grey"
"CT47A10","blue"
"CT47B1","blue"
"CT55","grey"
"CT75","blue"
"CT83","grey"
"CTAG1B","blue"
"CTAG2","blue"
"CTAGE15","grey"
"CTBP1","turquoise"
"CTBP1-DT","brown"
"CTBS","grey"
"CTC-338M12.4","grey"
"CTC1","grey"
"CTCF","turquoise"
"CTDP1-DT","blue"
"CTDSP1","brown"
"CTDSP2","grey"
"CTDSPL","grey"
"CTDSPL2","grey"
"CTF1","turquoise"
"CTH","yellow"
"CTHRC1","black"
"CTIF","brown"
"CTLA4","red"
"CTNNA1","turquoise"
"CTNNA2","grey"
"CTNNAL1","grey"
"CTNNB1","turquoise"
"CTNNBIP1","grey"
"CTNNBL1","turquoise"
"CTNND1","pink"
"CTNND2","yellow"
"CTNS","grey"
"CTPS1","turquoise"
"CTPS2","grey"
"CTR9","turquoise"
"CTRB1","yellow"
"CTRB2","yellow"
"CTRC","yellow"
"CTRL","yellow"
"CTSA","brown"
"CTSB","black"
"CTSC","black"
"CTSD","brown"
"CTSE","pink"
"CTSF","grey"
"CTSG","grey"
"CTSH","grey"
"CTSK","black"
"CTSL","turquoise"
"CTSO","turquoise"
"CTSS","purple"
"CTSV","grey"
"CTSW","grey"
"CTSZ","grey"
"CTTN","turquoise"
"CTTNBP2","yellow"
"CTTNBP2NL","black"
"CTU1","blue"
"CTU2","blue"
"CTXN1","blue"
"CUBN","grey"
"CUEDC1","grey"
"CUL1","blue"
"CUL2","turquoise"
"CUL3","turquoise"
"CUL4A","turquoise"
"CUL4B","turquoise"
"CUL5","turquoise"
"CUL7","turquoise"
"CUL9","brown"
"CUTA","grey"
"CUTC","turquoise"
"CUZD1","yellow"
"CWC15","brown"
"CWC22","turquoise"
"CWC27","turquoise"
"CWF19L1","turquoise"
"CWF19L2","turquoise"
"CX3CL1","turquoise"
"CX3CR1","grey"
"CXADR","lightcyan"
"CXCL1","grey"
"CXCL10","grey"
"CXCL11","grey"
"CXCL12","grey"
"CXCL13","red"
"CXCL14","grey"
"CXCL16","purple"
"CXCL17","grey"
"CXCL2","grey"
"CXCL3","grey"
"CXCL5","grey"
"CXCL6","grey"
"CXCL8","grey"
"CXCL9","grey"
"CXCR1","grey"
"CXCR2","grey"
"CXCR3","grey"
"CXCR4","purple"
"CXCR5","red"
"CXCR6","grey"
"CXXC4","yellow"
"CXXC5","grey"
"CXorf38","grey"
"CXorf65","red"
"CYB561","green"
"CYB561A3","grey"
"CYB561D2","grey"
"CYB5A","yellow"
"CYB5B","brown"
"CYB5D1","grey"
"CYB5D2","turquoise"
"CYB5R1","grey"
"CYB5R2","grey"
"CYB5R3","brown"
"CYB5R4","grey"
"CYBA","grey"
"CYBB","purple"
"CYBC1","red"
"CYBRD1","lightgreen"
"CYC1","grey"
"CYCS","turquoise"
"CYFIP1","grey"
"CYFIP2","red"
"CYGB","turquoise"
"CYLD","turquoise"
"CYP19A1","grey"
"CYP1A1","grey"
"CYP1B1","grey"
"CYP20A1","grey"
"CYP21A2","blue"
"CYP24A1","grey"
"CYP26A1","grey"
"CYP26B1","grey"
"CYP26C1","blue"
"CYP27A1","grey"
"CYP27B1","turquoise"
"CYP27C1","grey"
"CYP2A13","blue"
"CYP2A7","blue"
"CYP2B6","grey"
"CYP2B7P","grey"
"CYP2C18","grey"
"CYP2C19","grey"
"CYP2C8","grey"
"CYP2C9","grey"
"CYP2D6","grey"
"CYP2D7","turquoise"
"CYP2E1","green"
"CYP2F1","grey"
"CYP2J2","grey"
"CYP2R1","turquoise"
"CYP2S1","pink"
"CYP2U1","grey"
"CYP2W1","blue"
"CYP39A1","yellow"
"CYP3A4","salmon"
"CYP3A43","grey"
"CYP3A5","pink"
"CYP4A22","grey"
"CYP4B1","grey"
"CYP4F11","grey"
"CYP4F12","grey"
"CYP4F2","salmon"
"CYP4F29P","grey"
"CYP4F3","grey"
"CYP4F35P","grey"
"CYP4V2","yellow"
"CYP4X1","grey"
"CYP4Z1","grey"
"CYP51A1","grey"
"CYP7B1","grey"
"CYREN","grey"
"CYRIA","purple"
"CYRIB","grey"
"CYS1","blue"
"CYSLTR1","purple"
"CYSLTR2","grey"
"CYSRT1","blue"
"CYSTM1","grey"
"CYTH1","black"
"CYTH2","grey"
"CYTH3","black"
"CYTH4","red"
"CYTIP","purple"
"CYTL1","blue"
"CYTOR","grey"
"CYYR1","tan"
"CZ1P-ASNS","grey"
"CZIB","grey"
"DAAM1","grey"
"DAAM2","tan"
"DAB1","grey"
"DAB2","grey"
"DAB2IP","grey"
"DACH1","greenyellow"
"DACT1","black"
"DACT2","turquoise"
"DACT3","blue"
"DAD1","brown"
"DAG1","grey"
"DAGLA","turquoise"
"DAGLB","grey"
"DALRD3","grey"
"DAND5","blue"
"DANT2","blue"
"DAP","green"
"DAP3","turquoise"
"DAPK1","grey"
"DAPK2","grey"
"DAPK3","grey"
"DAPL1","grey"
"DAPP1","grey"
"DARS1","grey"
"DARS2","turquoise"
"DAW1","grey"
"DAXX","grey"
"DAZ2","grey"
"DAZAP2","brown"
"DBH","blue"
"DBI","turquoise"
"DBN1","black"
"DBNDD1","blue"
"DBNDD2","grey"
"DBNL","grey"
"DBP","grey"
"DBR1","turquoise"
"DBT","grey"
"DBX1","blue"
"DCAF1","blue"
"DCAF10","turquoise"
"DCAF11","grey"
"DCAF12","blue"
"DCAF12L1","blue"
"DCAF13","brown"
"DCAF15","yellow"
"DCAF16","brown"
"DCAF17","blue"
"DCAF4","grey"
"DCAF5","grey"
"DCAF6","grey"
"DCAF7","brown"
"DCAF8","grey"
"DCAF8L2","grey"
"DCAKD","brown"
"DCBLD1","turquoise"
"DCBLD2","turquoise"
"DCC","grey"
"DCDC2","yellow"
"DCHS1","grey"
"DCK","turquoise"
"DCLK1","tan"
"DCLK2","grey"
"DCLRE1A","turquoise"
"DCLRE1B","grey"
"DCLRE1C","grey"
"DCN","turquoise"
"DCP1A","brown"
"DCP1B","brown"
"DCP2","turquoise"
"DCST2","blue"
"DCSTAMP","grey"
"DCTD","turquoise"
"DCTN1","grey"
"DCTN2","blue"
"DCTN3","grey"
"DCTN4","grey"
"DCTN5","brown"
"DCTN6","grey"
"DCTPP1","grey"
"DCUN1D1","grey"
"DCUN1D2","turquoise"
"DCUN1D3","grey"
"DCUN1D4","grey"
"DCUN1D5","turquoise"
"DCXR","brown"
"DDA1","turquoise"
"DDAH1","grey"
"DDAH2","grey"
"DDB1","black"
"DDB2","brown"
"DDC","grey"
"DDC-AS1","blue"
"DDHD1","purple"
"DDHD2","turquoise"
"DDIT3","grey"
"DDIT4","grey"
"DDIT4L","grey"
"DDN","blue"
"DDO","grey"
"DDOST","brown"
"DDR1","grey"
"DDR2","turquoise"
"DDRGK1","grey"
"DDT","brown"
"DDTL","turquoise"
"DDX1","turquoise"
"DDX10","turquoise"
"DDX11","turquoise"
"DDX18","turquoise"
"DDX19A","grey"
"DDX19B","grey"
"DDX21","brown"
"DDX23","blue"
"DDX24","turquoise"
"DDX25","greenyellow"
"DDX27","turquoise"
"DDX39A","turquoise"
"DDX39B","grey"
"DDX3X","brown"
"DDX3Y","grey"
"DDX41","grey"
"DDX42","turquoise"
"DDX43","grey"
"DDX46","turquoise"
"DDX5","turquoise"
"DDX50","turquoise"
"DDX51","blue"
"DDX52","grey"
"DDX53","blue"
"DDX54","turquoise"
"DDX55","turquoise"
"DDX56","brown"
"DDX59","turquoise"
"DDX6","grey"
"DDX60","grey"
"DDX60L","turquoise"
"DECR1","turquoise"
"DEDD","brown"
"DEDD2","brown"
"DEF6","grey"
"DEFA1B","grey"
"DEFA5","salmon"
"DEFA6","salmon"
"DEFB1","yellow"
"DEFB105B","grey"
"DEFB132","blue"
"DEFB134","grey"
"DEGS1","green"
"DEGS2","blue"
"DEK","turquoise"
"DENND10","turquoise"
"DENND10P1","grey"
"DENND11","grey"
"DENND1A","grey"
"DENND1B","grey"
"DENND1C","grey"
"DENND2A","grey"
"DENND2B","grey"
"DENND2C","grey"
"DENND2D","red"
"DENND3","green"
"DENND4A","grey"
"DENND4B","brown"
"DENND4C","turquoise"
"DENND5A","grey"
"DENND5B","grey"
"DENND6A","turquoise"
"DENR","turquoise"
"DEPDC1","magenta"
"DEPDC1B","magenta"
"DEPDC4","yellow"
"DEPDC5","grey"
"DEPDC7","grey"
"DEPP1","grey"
"DEPTOR","grey"
"DERA","turquoise"
"DERL1","brown"
"DERL2","grey"
"DERL3","grey"
"DES","grey"
"DESI1","turquoise"
"DESI2","grey"
"DET1","grey"
"DEXI","grey"
"DGAT1","brown"
"DGAT2","midnightblue"
"DGCR2","brown"
"DGCR5","green"
"DGCR6","blue"
"DGCR6L","turquoise"
"DGCR8","turquoise"
"DGKA","black"
"DGKB","grey"
"DGKD","grey"
"DGKE","turquoise"
"DGKG","grey"
"DGKH","pink"
"DGKI","grey"
"DGLUCY","grey"
"DGUOK","brown"
"DHCR24","brown"
"DHCR7","grey"
"DHDDS","grey"
"DHFR","magenta"
"DHH","blue"
"DHPS","brown"
"DHRS1","blue"
"DHRS11","grey"
"DHRS12","green"
"DHRS13","blue"
"DHRS2","grey"
"DHRS3","grey"
"DHRS4","blue"
"DHRS4L2","grey"
"DHRS7","turquoise"
"DHRS7B","brown"
"DHRS9","grey"
"DHTKD1","yellow"
"DHX15","turquoise"
"DHX29","grey"
"DHX30","brown"
"DHX32","grey"
"DHX34","turquoise"
"DHX35","turquoise"
"DHX36","turquoise"
"DHX38","cyan"
"DHX40","turquoise"
"DHX57","turquoise"
"DHX58","grey"
"DHX8","blue"
"DHX9","turquoise"
"DIAPH1","turquoise"
"DIAPH2","green"
"DIAPH2-AS1","grey"
"DIAPH3","magenta"
"DICER1","blue"
"DIMT1","grey"
"DIO2","grey"
"DIO3","grey"
"DIP2B","turquoise"
"DIP2C","grey"
"DIP2C-AS1","green"
"DIPK1A","grey"
"DIPK1B","blue"
"DIPK2A","turquoise"
"DIPK2B","tan"
"DIRAS1","grey"
"DIRAS2","grey"
"DIRAS3","green"
"DIS3","turquoise"
"DIS3L","turquoise"
"DISP1","grey"
"DIXDC1","grey"
"DKC1","cyan"
"DKK1","pink"
"DKK2","grey"
"DKK3","grey"
"DKKL1","grey"
"DLAT","turquoise"
"DLC1","grey"
"DLD","turquoise"
"DLEU1","grey"
"DLEU2","turquoise"
"DLEU7","blue"
"DLG1","grey"
"DLG2","tan"
"DLG3","yellow"
"DLG4","grey"
"DLG5","grey"
"DLGAP1-AS1","grey"
"DLGAP2","blue"
"DLGAP3","blue"
"DLGAP5","magenta"
"DLK1","greenyellow"
"DLL1","grey"
"DLL3","blue"
"DLL4","yellow"
"DLST","blue"
"DLX2","blue"
"DLX3","blue"
"DLX4","blue"
"DLX5","grey"
"DMAC1","brown"
"DMAC2","brown"
"DMAC2L","grey"
"DMBT1","grey"
"DMD","tan"
"DMGDH","grey"
"DMKN","green"
"DMPK","turquoise"
"DMRTA1","blue"
"DMRTA2","blue"
"DMRTB1","blue"
"DMRTC2","blue"
"DMTF1","blue"
"DMTN","grey"
"DMWD","brown"
"DMXL1","grey"
"DMXL2","blue"
"DNA2","magenta"
"DNAAF10","turquoise"
"DNAAF11","grey"
"DNAAF2","grey"
"DNAAF3","blue"
"DNAAF9","grey"
"DNAH1","red"
"DNAH11","grey"
"DNAH12","grey"
"DNAH14","yellow"
"DNAH2","grey"
"DNAH5","grey"
"DNAH6","grey"
"DNAH7","grey"
"DNAI4","grey"
"DNAI7","grey"
"DNAJA1","grey"
"DNAJA2","turquoise"
"DNAJA4","grey"
"DNAJB1","grey"
"DNAJB11","grey"
"DNAJB13","grey"
"DNAJB14","grey"
"DNAJB2","grey"
"DNAJB4","pink"
"DNAJB5","grey"
"DNAJB6","grey"
"DNAJB7","salmon"
"DNAJB9","yellow"
"DNAJC1","grey"
"DNAJC10","turquoise"
"DNAJC12","grey"
"DNAJC13","turquoise"
"DNAJC14","blue"
"DNAJC15","brown"
"DNAJC16","turquoise"
"DNAJC18","grey"
"DNAJC19","yellow"
"DNAJC2","turquoise"
"DNAJC21","turquoise"
"DNAJC22","grey"
"DNAJC24","turquoise"
"DNAJC27","grey"
"DNAJC28","grey"
"DNAJC3","yellow"
"DNAJC30","blue"
"DNAJC4","green"
"DNAJC5B","grey"
"DNAJC6","greenyellow"
"DNAJC7","turquoise"
"DNAJC8","grey"
"DNALI1","grey"
"DNASE1","green"
"DNASE1L1","brown"
"DNASE1L2","blue"
"DNASE1L3","grey"
"DNASE2","grey"
"DND1","grey"
"DNER","grey"
"DNHD1","grey"
"DNLZ","blue"
"DNM1","grey"
"DNM1L","turquoise"
"DNM2","brown"
"DNM3","grey"
"DNMBP","grey"
"DNMT1","black"
"DNMT3B","yellow"
"DNMT3L","blue"
"DNPEP","brown"
"DNPH1","brown"
"DNTTIP1","grey"
"DNTTIP2","grey"
"DOC2A","blue"
"DOC2B","turquoise"
"DOCK1","grey"
"DOCK10","purple"
"DOCK11","purple"
"DOCK2","purple"
"DOCK4","purple"
"DOCK5","pink"
"DOCK6","brown"
"DOCK7","blue"
"DOCK8","red"
"DOCK8-AS1","green"
"DOCK9","yellow"
"DOHH","blue"
"DOK1","turquoise"
"DOK2","red"
"DOK3","grey"
"DOK4","pink"
"DOK5","black"
"DOK6","grey"
"DOK7","blue"
"DOLPP1","grey"
"DONSON","blue"
"DOP1A","grey"
"DOP1B","grey"
"DORIP1","turquoise"
"DOT1L","turquoise"
"DPAGT1","brown"
"DPCD","grey"
"DPEP1","green"
"DPEP2","grey"
"DPEP3","blue"
"DPF2","turquoise"
"DPH2","turquoise"
"DPH3","turquoise"
"DPH5","turquoise"
"DPH6","grey"
"DPH7","grey"
"DPM1","grey"
"DPM2","brown"
"DPM3","turquoise"
"DPP10","yellow"
"DPP3","brown"
"DPP4","grey"
"DPP6","greenyellow"
"DPP7","brown"
"DPP8","blue"
"DPP9","brown"
"DPPA5","blue"
"DPT","tan"
"DPY19L1","grey"
"DPY19L2","grey"
"DPY19L2P1","grey"
"DPY19L2P2","grey"
"DPY19L3","grey"
"DPY19L4","turquoise"
"DPY30","grey"
"DPYD","purple"
"DPYSL2","black"
"DPYSL3","black"
"DQX1","grey"
"DR1","grey"
"DRAM1","grey"
"DRAM2","grey"
"DRAP1","grey"
"DRAXIN","blue"
"DRC3","grey"
"DRD1","grey"
"DRD2","blue"
"DRD4","blue"
"DRD5P2","blue"
"DRG1","grey"
"DRG2","grey"
"DRGX","blue"
"DROSHA","turquoise"
"DRP2","grey"
"DSC2","pink"
"DSC3","grey"
"DSCAML1","grey"
"DSCC1","magenta"
"DSE","black"
"DSEL","grey"
"DSG2","pink"
"DSG3","grey"
"DSN1","grey"
"DSP","lightcyan"
"DST","turquoise"
"DSTN","grey"
"DSTNP2","turquoise"
"DTD2","grey"
"DTHD1","grey"
"DTL","magenta"
"DTNA","green"
"DTNBP1","grey"
"DTWD1","grey"
"DTWD2","grey"
"DTX1","red"
"DTX2","grey"
"DTX3L","grey"
"DTX4","pink"
"DTYMK","grey"
"DUOX1","grey"
"DUOX2","grey"
"DUOXA1","grey"
"DUOXA2","grey"
"DUS1L","grey"
"DUS2","grey"
"DUS3L","turquoise"
"DUS4L","turquoise"
"DUSP1","grey"
"DUSP10","grey"
"DUSP11","brown"
"DUSP14","grey"
"DUSP15","blue"
"DUSP16","grey"
"DUSP18","pink"
"DUSP2","grey"
"DUSP22","grey"
"DUSP26","greenyellow"
"DUSP29","blue"
"DUSP4","grey"
"DUSP5","grey"
"DUSP5P1","grey"
"DUSP6","grey"
"DUSP7","brown"
"DUSP8","turquoise"
"DUSP9","blue"
"DUX4","blue"
"DUXAP9","grey"
"DVL1","grey"
"DVL3","brown"
"DXO","turquoise"
"DYM","grey"
"DYNC1H1","turquoise"
"DYNC1I1","greenyellow"
"DYNC1I2","turquoise"
"DYNC1LI1","blue"
"DYNC1LI2","turquoise"
"DYNC2H1","turquoise"
"DYNC2I1","turquoise"
"DYNC2I2","turquoise"
"DYNC2LI1","turquoise"
"DYNLL1","grey"
"DYNLL2","brown"
"DYNLT1","green"
"DYNLT2B","grey"
"DYNLT3","turquoise"
"DYNLT4","blue"
"DYNLT5","grey"
"DYRK1A","grey"
"DYRK1B","turquoise"
"DYRK3","grey"
"DYRK4","grey"
"DYSF","yellow"
"DZIP1","yellow"
"DZIP1L","grey"
"DZIP3","grey"
"E2F3","turquoise"
"E2F4","turquoise"
"E2F5","grey"
"E2F6","turquoise"
"E2F7","grey"
"E2F8","magenta"
"EAF1","grey"
"EAF2","grey"
"EAPP","grey"
"EBAG9","brown"
"EBF1","tan"
"EBF2","tan"
"EBF3","tan"
"EBF4","blue"
"EBI3","grey"
"EBLN2","turquoise"
"EBNA1BP2","grey"
"EBP","grey"
"EBPL","grey"
"ECD","grey"
"ECE1","brown"
"ECE2","green"
"ECEL1","blue"
"ECEL1P2","blue"
"ECH1","brown"
"ECHDC1","turquoise"
"ECHDC2","yellow"
"ECHDC3","green"
"ECHS1","turquoise"
"ECI1","turquoise"
"ECI2","yellow"
"ECM1","grey"
"ECM2","turquoise"
"ECPAS","turquoise"
"ECRG4","grey"
"ECSIT","green"
"ECT2","magenta"
"EDA2R","grey"
"EDARADD","grey"
"EDC4","brown"
"EDEM1","turquoise"
"EDEM2","grey"
"EDEM3","turquoise"
"EDF1","brown"
"EDIL3","black"
"EDN1","grey"
"EDN2","grey"
"EDN3","grey"
"EDNRA","black"
"EDNRB","tan"
"EDRF1","grey"
"EDRF1-DT","yellow"
"EEA1","grey"
"EED","turquoise"
"EEF1A1","turquoise"
"EEF1A2","grey"
"EEF1AKMT1","turquoise"
"EEF1AKMT2","turquoise"
"EEF1AKMT3","green"
"EEF1B2","yellow"
"EEF1D","grey"
"EEF1E1","grey"
"EEF1G","brown"
"EEF2","green"
"EEF2K","brown"
"EEF2KMT","blue"
"EEFSEC","brown"
"EEIG1","brown"
"EEIG2","turquoise"
"EEPD1","grey"
"EFCAB12","blue"
"EFCAB13","grey"
"EFCAB14","grey"
"EFCAB2","grey"
"EFCAB2-AS1","blue"
"EFCAB6","yellow"
"EFCAB7","grey"
"EFCC1","blue"
"EFEMP1","grey"
"EFEMP2","black"
"EFHC1","turquoise"
"EFHD1","grey"
"EFHD2","grey"
"EFL1","turquoise"
"EFL1P1","turquoise"
"EFNA1","grey"
"EFNA2","blue"
"EFNA3","grey"
"EFNA4","brown"
"EFNA5","pink"
"EFNB1","yellow"
"EFNB2","pink"
"EFR3A","turquoise"
"EFTUD2","brown"
"EGF","yellow"
"EGFL6","grey"
"EGFL7","blue"
"EGFLAM","grey"
"EGFR","grey"
"EGLN3","pink"
"EGR1","grey"
"EGR2","grey"
"EGR3","grey"
"EGR4","blue"
"EHBP1","grey"
"EHBP1L1","yellow"
"EHD1","grey"
"EHD2","brown"
"EHD3","grey"
"EHD4","brown"
"EHF","pink"
"EHHADH","turquoise"
"EI24","grey"
"EID1","turquoise"
"EID2","blue"
"EID3","grey"
"EIF1AD","brown"
"EIF1AX","turquoise"
"EIF1AY","grey"
"EIF1B","grey"
"EIF2A","yellow"
"EIF2AK1","grey"
"EIF2AK2","grey"
"EIF2AK3","yellow"
"EIF2AK4","blue"
"EIF2B1","turquoise"
"EIF2B2","grey"
"EIF2B3","turquoise"
"EIF2B4","brown"
"EIF2B5","turquoise"
"EIF2D","grey"
"EIF2S1","turquoise"
"EIF2S2","grey"
"EIF2S3","grey"
"EIF2S3B","brown"
"EIF3A","yellow"
"EIF3B","grey"
"EIF3C","grey"
"EIF3D","grey"
"EIF3E","yellow"
"EIF3F","turquoise"
"EIF3G","grey"
"EIF3I","grey"
"EIF3J","grey"
"EIF3K","brown"
"EIF3L","grey"
"EIF3M","turquoise"
"EIF4A1","grey"
"EIF4A2","turquoise"
"EIF4A3","black"
"EIF4B","grey"
"EIF4E2","blue"
"EIF4E3","grey"
"EIF4EBP1","green"
"EIF4EBP2","grey"
"EIF4G1","grey"
"EIF4G3","green"
"EIF4H","brown"
"EIF5","grey"
"EIF5A","blue"
"EIF5A2","grey"
"EIF5AL1","grey"
"EIF5B","turquoise"
"EIF6","brown"
"EIPR1","grey"
"ELAC1","yellow"
"ELAC2","grey"
"ELANE","blue"
"ELAPOR1","yellow"
"ELAPOR2","grey"
"ELAVL4","greenyellow"
"ELF1","turquoise"
"ELF2","grey"
"ELF3","pink"
"ELF4","yellow"
"ELF5","grey"
"ELFN1","turquoise"
"ELFN2","blue"
"ELK1","turquoise"
"ELK2AP","red"
"ELK3","black"
"ELK4","brown"
"ELL","brown"
"ELL2","grey"
"ELL3","grey"
"ELMO1","tan"
"ELMO2","grey"
"ELMO3","grey"
"ELMOD2","turquoise"
"ELN","grey"
"ELOA","grey"
"ELOA3DP","blue"
"ELOB","grey"
"ELOC","grey"
"ELOF1","grey"
"ELOVL1","brown"
"ELOVL2","green"
"ELOVL5","grey"
"ELOVL6","grey"
"ELOVL7","grey"
"ELP1","turquoise"
"ELP2","turquoise"
"ELP3","turquoise"
"ELP4","grey"
"ELP5","brown"
"ELP6","grey"
"EMB","green"
"EMC1","grey"
"EMC10","grey"
"EMC2","turquoise"
"EMC4","brown"
"EMC6","brown"
"EMC7","grey"
"EMC8","grey"
"EMCN","tan"
"EMD","brown"
"EME2","blue"
"EMG1","turquoise"
"EMID1","green"
"EMILIN1","grey"
"EMILIN2","grey"
"EML1","grey"
"EML2","grey"
"EML3","grey"
"EML4","blue"
"EML5","turquoise"
"EML6","grey"
"EMP1","grey"
"EMP2","grey"
"EMP3","brown"
"EMSY","brown"
"EMX1","blue"
"EN1","blue"
"EN2","blue"
"ENAH","grey"
"ENAM","green"
"ENC1","grey"
"ENDOD1","turquoise"
"ENG","grey60"
"ENGASE","grey"
"ENHO","blue"
"ENKD1","green"
"ENO1","turquoise"
"ENO2","black"
"ENOPH1","turquoise"
"ENOSF1","grey"
"ENOX1","grey"
"ENOX2","grey"
"ENPEP","grey"
"ENPP1","yellow"
"ENPP2","purple"
"ENPP3","salmon"
"ENPP4","turquoise"
"ENPP5","grey"
"ENPP7","blue"
"ENSA","brown"
"ENTHD1","grey"
"ENTPD1","black"
"ENTPD2","turquoise"
"ENTPD3","green"
"ENTPD4","blue"
"ENTPD5","grey"
"ENTPD6","grey"
"ENTPD7","grey"
"ENTPD8","blue"
"ENTREP1","grey"
"ENY2","grey"
"EOGT","grey"
"EOLA1-DT","grey"
"EOLA2","brown"
"EOMES","grey"
"EP300","brown"
"EPAS1","tan"
"EPB41","grey"
"EPB41L1","grey"
"EPB41L2","lightgreen"
"EPB41L3","purple"
"EPB41L4A","grey"
"EPB41L4A-AS1","turquoise"
"EPB41L4A-DT","blue"
"EPB41L4B","yellow"
"EPB41L5","yellow"
"EPC1","grey"
"EPC2","grey"
"EPCAM","lightcyan"
"EPCIP","yellow"
"EPG5","turquoise"
"EPHA1","grey"
"EPHA2","pink"
"EPHA3","lightgreen"
"EPHA4","green"
"EPHA7","grey"
"EPHA8","blue"
"EPHB1","grey"
"EPHB2","grey"
"EPHB3","grey"
"EPHB4","grey"
"EPHB6","grey"
"EPHX1","green"
"EPHX2","yellow"
"EPHX3","grey"
"EPHX4","grey"
"EPM2AIP1","grey"
"EPN1","turquoise"
"EPN2","grey"
"EPN3","turquoise"
"EPO","green"
"EPOP","blue"
"EPOR","turquoise"
"EPPK1","grey"
"EPRS1","turquoise"
"EPS15","turquoise"
"EPS15L1","brown"
"EPS8","pink"
"EPS8L1","grey"
"EPS8L2","grey"
"EPS8L3","pink"
"EPSTI1","grey"
"EPX","blue"
"EPYC","grey"
"ERAL1","brown"
"ERAP1","blue"
"ERAP2","grey"
"ERBB2","pink"
"ERBB3","pink"
"ERBB4","yellow"
"ERBIN","grey"
"ERC1","grey"
"ERC2","yellow"
"ERC2-IT1","grey"
"ERCC2","brown"
"ERCC4","turquoise"
"ERCC5","turquoise"
"ERCC6","grey"
"ERCC6L2","blue"
"ERCC6L2-AS1","grey"
"EREG","grey"
"ERF","grey"
"ERFE","blue"
"ERG","grey"
"ERG28","brown"
"ERGIC1","brown"
"ERGIC2","brown"
"ERGIC3","grey"
"ERH","brown"
"ERI1","turquoise"
"ERI2","grey"
"ERICH5","yellow"
"ERLEC1","grey"
"ERLIN1","grey"
"ERLIN2","grey"
"ERMARD","turquoise"
"ERMN","grey"
"ERMP1","grey"
"ERN1","green"
"ERN2","pink"
"ERO1A","pink"
"ERO1B","yellow"
"ERP27","yellow"
"ERP29","turquoise"
"ERP44","yellow"
"ERRFI1","grey"
"ERV3-1","grey"
"ERVFC1","blue"
"ERVFC1-1","blue"
"ERVH-4","grey"
"ERVH-6","grey"
"ERVK13-1","grey"
"ERVK3-1","blue"
"ERVMER34-1","grey"
"ERVW-1","turquoise"
"ESAM","grey"
"ESCO1","turquoise"
"ESCO2","magenta"
"ESD","turquoise"
"ESF1","turquoise"
"ESM1","grey"
"ESPL1","grey"
"ESPN","blue"
"ESPNL","blue"
"ESPNP","blue"
"ESRP1","lightcyan"
"ESRP2","turquoise"
"ESRRA","blue"
"ESRRG","yellow"
"ESYT1","grey"
"ESYT2","brown"
"ETAA1","turquoise"
"ETF1","brown"
"ETFA","turquoise"
"ETFBKMT","grey"
"ETFDH","grey"
"ETFRF1","grey"
"ETHE1","grey"
"ETNK1","turquoise"
"ETNK2","grey"
"ETS1","turquoise"
"ETS2","grey"
"ETS2-AS1","blue"
"ETV1","black"
"ETV2","blue"
"ETV3","grey"
"ETV3L","blue"
"ETV4","grey"
"ETV5","grey"
"ETV6","brown"
"EVA1A","grey"
"EVA1B","blue"
"EVA1C","grey"
"EVC","grey"
"EVI2A","purple"
"EVI2B","red"
"EVI5","turquoise"
"EVI5L","turquoise"
"EVL","red"
"EVPL","grey"
"EVX2","blue"
"EWSR1","turquoise"
"EXD2","green"
"EXD3","blue"
"EXO1","magenta"
"EXO5","turquoise"
"EXOC1","turquoise"
"EXOC2","blue"
"EXOC3-AS1","blue"
"EXOC3L2","blue"
"EXOC4","yellow"
"EXOC5","turquoise"
"EXOC6","grey"
"EXOC6B","grey"
"EXOC7","brown"
"EXOG","turquoise"
"EXOSC1","grey"
"EXOSC10","brown"
"EXOSC2","grey"
"EXOSC3","turquoise"
"EXOSC4","turquoise"
"EXOSC5","grey"
"EXOSC6","blue"
"EXOSC7","turquoise"
"EXOSC8","turquoise"
"EXOSC9","turquoise"
"EXPH5","pink"
"EXT1","grey"
"EXT2","brown"
"EXTL1","blue"
"EXTL2","turquoise"
"EXTL3","turquoise"
"EYA1","grey"
"EYA2","grey"
"EYA3","brown"
"EYA4","grey"
"EZH1","brown"
"EZH2","magenta"
"EZHIP","blue"
"EZR","pink"
"F10","greenyellow"
"F11","yellow"
"F12","blue"
"F13A1","grey"
"F2R","black"
"F2RL1","grey"
"F2RL2","grey"
"F2RL3","blue"
"F3","grey"
"F5","grey"
"F8","grey"
"F8A2","brown"
"FA2H","pink"
"FAAH","green"
"FAAH2","grey"
"FAAP100","turquoise"
"FABP1","salmon"
"FABP2","salmon"
"FABP3","grey"
"FABP4","tan"
"FABP5","brown"
"FABP6","grey"
"FADS1","blue"
"FADS2","black"
"FADS3","midnightblue"
"FADS6","blue"
"FAF1","grey"
"FAF2","brown"
"FAH","grey"
"FAHD1","grey"
"FAHD2A","green"
"FAHD2B","green"
"FAIM","yellow"
"FAIM2","grey"
"FAM107A","midnightblue"
"FAM107B","brown"
"FAM110B","grey"
"FAM110C","blue"
"FAM110D","blue"
"FAM111A","turquoise"
"FAM111B","magenta"
"FAM114A1","grey"
"FAM114A2","turquoise"
"FAM117A","turquoise"
"FAM117B","brown"
"FAM118A","grey"
"FAM118B","black"
"FAM120AOS","turquoise"
"FAM120B","blue"
"FAM120C","grey"
"FAM124B","grey"
"FAM131A","grey"
"FAM131B","blue"
"FAM131C","blue"
"FAM133B","turquoise"
"FAM133DP","grey"
"FAM135A","grey"
"FAM135B","greenyellow"
"FAM136A","grey"
"FAM13A","grey"
"FAM13B","grey"
"FAM13C","tan"
"FAM149A","yellow"
"FAM149B1","turquoise"
"FAM151B","grey"
"FAM153B","grey"
"FAM156B","turquoise"
"FAM161A","brown"
"FAM162A","yellow"
"FAM162B","blue"
"FAM167A","turquoise"
"FAM167B","turquoise"
"FAM169A","grey"
"FAM170B","grey"
"FAM171A1","green"
"FAM171A2","grey"
"FAM171B","black"
"FAM174A","grey"
"FAM174B","green"
"FAM174C","blue"
"FAM177A1","turquoise"
"FAM177B","grey"
"FAM180A","grey"
"FAM181B","blue"
"FAM184A","grey"
"FAM185A","grey"
"FAM193A","brown"
"FAM200A","grey"
"FAM200B","turquoise"
"FAM200C","grey"
"FAM201B","blue"
"FAM204A","turquoise"
"FAM209A","grey"
"FAM209B","grey"
"FAM20A","grey"
"FAM20B","turquoise"
"FAM20C","brown"
"FAM210A","grey"
"FAM210B","grey"
"FAM215A","blue"
"FAM217A","black"
"FAM217B","brown"
"FAM218A","turquoise"
"FAM219B","blue"
"FAM221A","yellow"
"FAM222A","blue"
"FAM222B","brown"
"FAM227A","grey"
"FAM229B","grey"
"FAM234A","turquoise"
"FAM234B","grey"
"FAM24B","turquoise"
"FAM27C","grey"
"FAM27E2","grey"
"FAM27E5","grey"
"FAM30A","grey"
"FAM32A","grey"
"FAM3A","turquoise"
"FAM3B","yellow"
"FAM3C","turquoise"
"FAM3D","grey"
"FAM43A","turquoise"
"FAM43B","blue"
"FAM47E","yellow"
"FAM47E-STBD1","grey"
"FAM50A","brown"
"FAM53B","red"
"FAM53C","grey"
"FAM72B","magenta"
"FAM74A3","blue"
"FAM76A","grey"
"FAM76B","turquoise"
"FAM78A","red"
"FAM81A","grey"
"FAM81B","grey"
"FAM83A","grey"
"FAM83B","pink"
"FAM83D","magenta"
"FAM83E","blue"
"FAM83F","green"
"FAM83G","blue"
"FAM83H","grey"
"FAM86B1","grey"
"FAM86C2P","turquoise"
"FAM86EP","blue"
"FAM86FP","turquoise"
"FAM87A","green"
"FAM87B","green"
"FAM88B","grey"
"FAM88C","blue"
"FAM89A","blue"
"FAM89B","brown"
"FAM90A1","blue"
"FAM90A10","blue"
"FAM90A27P","blue"
"FAM90A7","grey"
"FAM91A1","turquoise"
"FAM98A","blue"
"FAM98B","turquoise"
"FAM98C","turquoise"
"FAM99A","grey"
"FAM99B","grey"
"FAN1","turquoise"
"FANCA","magenta"
"FANCB","magenta"
"FANCC","grey"
"FANCD2","grey"
"FANCD2OS","blue"
"FANCF","turquoise"
"FANCI","magenta"
"FANCL","turquoise"
"FANCM","turquoise"
"FANK1","turquoise"
"FAP","turquoise"
"FAR1","turquoise"
"FAR2","grey"
"FAR2P1","grey"
"FARP1","grey"
"FARP2","grey"
"FARS2","brown"
"FARSA","brown"
"FARSB","grey"
"FAS","black"
"FASN","grey"
"FASTKD1","turquoise"
"FASTKD2","turquoise"
"FASTKD3","blue"
"FAT1","pink"
"FAT2","grey"
"FAT4","lightgreen"
"FAU","brown"
"FAXC","grey"
"FAXDC2","brown"
"FBH1","blue"
"FBL","grey"
"FBLN1","lightgreen"
"FBLN2","grey"
"FBLN5","tan"
"FBLN7","turquoise"
"FBN1","black"
"FBN2","grey"
"FBP1","grey"
"FBP2","yellow"
"FBRS","turquoise"
"FBRSL1","turquoise"
"FBXL12","turquoise"
"FBXL13","grey"
"FBXL14","turquoise"
"FBXL15","blue"
"FBXL16","blue"
"FBXL18","turquoise"
"FBXL2","turquoise"
"FBXL20","brown"
"FBXL22","blue"
"FBXL3","turquoise"
"FBXL4","grey"
"FBXL5","grey"
"FBXL7","grey"
"FBXL9P","blue"
"FBXO11","turquoise"
"FBXO16","grey"
"FBXO2","green"
"FBXO21","yellow"
"FBXO22","grey"
"FBXO25","yellow"
"FBXO27","grey"
"FBXO28","turquoise"
"FBXO3","turquoise"
"FBXO30","blue"
"FBXO31","turquoise"
"FBXO32","turquoise"
"FBXO33","turquoise"
"FBXO34","turquoise"
"FBXO38","blue"
"FBXO4","turquoise"
"FBXO41","blue"
"FBXO45","turquoise"
"FBXO46","blue"
"FBXO5","turquoise"
"FBXO7","brown"
"FBXO8","grey"
"FBXO9","grey"
"FBXW10","grey"
"FBXW12","yellow"
"FBXW2","turquoise"
"FBXW4","grey"
"FBXW5","brown"
"FBXW7","turquoise"
"FCAR","grey"
"FCER1A","grey"
"FCER1G","purple"
"FCER2","red"
"FCF1","turquoise"
"FCGBP","grey"
"FCGR1A","purple"
"FCGR2A","red"
"FCGR2B","red"
"FCGR3A","purple"
"FCGR3B","purple"
"FCGRT","grey60"
"FCHO1","grey"
"FCHO2","grey"
"FCHSD1","grey"
"FCHSD2","purple"
"FCMR","red"
"FCN1","grey"
"FCN2","blue"
"FCN3","grey"
"FCRL1","red"
"FCRL2","red"
"FCRL3","red"
"FCRL5","red"
"FCRL6","grey"
"FCRLA","red"
"FCSK","blue"
"FDCSP","red"
"FDFT1","brown"
"FDPS","grey"
"FDXR","blue"
"FEM1A","brown"
"FEM1C","grey"
"FEN1","magenta"
"FER","turquoise"
"FER1L4","pink"
"FER1L6","grey"
"FERD3L","blue"
"FERMT1","pink"
"FERMT2","turquoise"
"FERMT3","red"
"FERRY3","blue"
"FES","turquoise"
"FEV","blue"
"FEZ1","turquoise"
"FEZ2","grey"
"FEZF1","blue"
"FEZF2","blue"
"FFAR1","greenyellow"
"FFAR2","grey"
"FFAR4","grey"
"FGA","grey"
"FGB","grey"
"FGD1","grey"
"FGD2","red"
"FGD3","red"
"FGD4","grey"
"FGD5","yellow"
"FGD6","pink"
"FGF1","grey"
"FGF10","grey"
"FGF11","grey"
"FGF12","yellow"
"FGF14","greenyellow"
"FGF17","blue"
"FGF18","grey"
"FGF19","grey"
"FGF2","grey"
"FGF20","grey"
"FGF22","blue"
"FGF23","blue"
"FGF3","blue"
"FGF4","blue"
"FGF5","grey"
"FGF7","grey"
"FGF7P3","grey"
"FGF8","blue"
"FGF9","grey"
"FGFBP1","grey"
"FGFBP3","blue"
"FGFR1","magenta"
"FGFR1OP2","turquoise"
"FGFR2","yellow"
"FGFR3","green"
"FGFR4","grey"
"FGFRL1","turquoise"
"FGG","grey"
"FGGY","yellow"
"FGL1","yellow"
"FGL2","purple"
"FGR","grey"
"FH","turquoise"
"FHDC1","grey"
"FHIP1A","lightcyan"
"FHIP1B","grey"
"FHIP2A","blue"
"FHIP2B","brown"
"FHIT","grey"
"FHL1","tan"
"FHL2","yellow"
"FHL3","grey"
"FHL5","tan"
"FHOD1","grey"
"FHOD3","grey"
"FIBCD1","blue"
"FIBIN","grey"
"FIBP","brown"
"FICD","green"
"FIG4","blue"
"FIGN","grey"
"FIGNL1","turquoise"
"FIGNL2","blue"
"FILIP1","tan"
"FILIP1L","grey"
"FIP1L1","brown"
"FIRRM","magenta"
"FITM1","green"
"FITM2","grey"
"FIZ1","blue"
"FJX1","grey"
"FKBP10","brown"
"FKBP11","green"
"FKBP14","black"
"FKBP15","black"
"FKBP1A","brown"
"FKBP1B","turquoise"
"FKBP2","brown"
"FKBP3","turquoise"
"FKBP4","grey"
"FKBP5","grey"
"FKBP6P2","grey"
"FKBP7","black"
"FKBP8","brown"
"FKBP9","grey"
"FKBP9P1","grey"
"FKRP","blue"
"FLACC1","grey"
"FLCN","grey"
"FLI1","red"
"FLII","grey"
"FLJ13224","blue"
"FLJ30679","blue"
"FLJ38576","blue"
"FLJ42393","grey"
"FLJ42627","grey"
"FLJ43315","grey"
"FLNA","black"
"FLNB","pink"
"FLNC","grey"
"FLOT1","grey"
"FLOT2","grey"
"FLRT1","blue"
"FLRT2","yellow"
"FLRT3","grey"
"FLT1","grey"
"FLT3","yellow"
"FLT4","grey"
"FLVCR1","blue"
"FLVCR2","grey"
"FMN1","grey"
"FMN2","greenyellow"
"FMNL1","red"
"FMNL2","grey"
"FMNL3","black"
"FMO1","grey"
"FMO2","tan"
"FMO3","grey"
"FMO4","grey"
"FMO5","grey"
"FMOD","black"
"FMR1","turquoise"
"FN1","black"
"FN3K","green"
"FN3KRP","grey"
"FNBP1","purple"
"FNBP1L","grey"
"FNBP4","brown"
"FNDC1","black"
"FNDC3A","yellow"
"FNDC3B","grey"
"FNDC4","grey"
"FNIP1","turquoise"
"FNIP2","grey"
"FOCAD","grey"
"FOLH1","salmon"
"FOLH1B","salmon"
"FOLR1","grey"
"FOLR2","grey"
"FOLR3","blue"
"FOS","grey"
"FOSB","grey"
"FOSL1","grey"
"FOSL2","grey"
"FOXA1","turquoise"
"FOXA2","green"
"FOXA3","black"
"FOXB1","blue"
"FOXB2","blue"
"FOXC1","blue"
"FOXC2","blue"
"FOXD1","blue"
"FOXD2","blue"
"FOXD3","blue"
"FOXE1","blue"
"FOXE3","blue"
"FOXF1","grey"
"FOXF2","turquoise"
"FOXH1","blue"
"FOXI1","blue"
"FOXI2","blue"
"FOXJ1","grey"
"FOXJ2","brown"
"FOXJ3","brown"
"FOXK1","brown"
"FOXK2","turquoise"
"FOXL1","grey"
"FOXL2","blue"
"FOXM1","magenta"
"FOXN2","turquoise"
"FOXN3","brown"
"FOXN4","blue"
"FOXO3","blue"
"FOXO3B","brown"
"FOXO4","grey"
"FOXP2","yellow"
"FOXP3","grey"
"FOXP4","grey"
"FOXQ1","grey"
"FOXRED1","grey"
"FOXRED2","turquoise"
"FOXS1","grey"
"FPGS","turquoise"
"FPGT-TNNI3K","turquoise"
"FPR1","grey"
"FPR2","grey"
"FPR3","purple"
"FRA10AC1","turquoise"
"FRAS1","yellow"
"FRAT2","blue"
"FREM1","grey"
"FREM2","yellow"
"FRG1","grey"
"FRG1BP","brown"
"FRG1JP","grey"
"FRG2B","blue"
"FRK","lightcyan"
"FRMD3","grey"
"FRMD4A","grey"
"FRMD4B","grey"
"FRMD5","grey"
"FRMD6","turquoise"
"FRMD8","turquoise"
"FRRS1","turquoise"
"FRRS1L","greenyellow"
"FRS2","grey"
"FRS3","blue"
"FRY","grey"
"FRYL","turquoise"
"FRZB","lightgreen"
"FSAF1","grey"
"FSCN1","yellow"
"FSCN2","blue"
"FSD1L","grey"
"FSIP2","grey"
"FST","grey"
"FSTL1","black"
"FSTL3","brown"
"FSTL4","grey"
"FSTL5","greenyellow"
"FTCD","blue"
"FTH1P3","brown"
"FTHL17","blue"
"FTHL18P","blue"
"FTL","black"
"FTO","grey"
"FTSJ1","grey"
"FTSJ3","turquoise"
"FUBP1","turquoise"
"FUBP3","turquoise"
"FUCA1","blue"
"FUCA2","turquoise"
"FUNDC1","turquoise"
"FUNDC2","green"
"FUOM","grey"
"FURIN","green"
"FUS","blue"
"FUT1","green"
"FUT10","grey"
"FUT11","black"
"FUT2","pink"
"FUT3","pink"
"FUT5","blue"
"FUT6","pink"
"FUT7","blue"
"FUT8","turquoise"
"FUT9","grey"
"FUZ","turquoise"
"FXN","yellow"
"FXR1","turquoise"
"FXYD1","midnightblue"
"FXYD3","pink"
"FXYD5","yellow"
"FXYD6","grey60"
"FXYD6-FXYD2","yellow"
"FYB1","red"
"FYB2","greenyellow"
"FYN","grey"
"FYTTD1","brown"
"FZD1","grey"
"FZD2","blue"
"FZD3","yellow"
"FZD4","tan"
"FZD5","lightcyan"
"FZD6","turquoise"
"FZD7","turquoise"
"FZD8","turquoise"
"FZD9","blue"
"G0S2","grey"
"G2E3","turquoise"
"G3BP1","turquoise"
"G3BP2","turquoise"
"G6PC1","salmon"
"G6PC2","greenyellow"
"G6PC3","brown"
"G6PD","grey"
"GAA","turquoise"
"GAB1","grey60"
"GAB2","grey"
"GAB3","purple"
"GAB4","blue"
"GABARAP","brown"
"GABARAPL1","brown"
"GABARAPL2","brown"
"GABARAPL3","grey"
"GABBR1","brown"
"GABPB1","grey"
"GABPB2","grey"
"GABRA2","grey"
"GABRA5","grey"
"GABRB3","grey"
"GABRD","blue"
"GABRE","grey"
"GABRG2","greenyellow"
"GABRP","pink"
"GAD1","grey"
"GAD2","greenyellow"
"GADD45A","grey"
"GADD45B","grey"
"GADD45G","grey"
"GADD45GIP1","blue"
"GAGE2D","grey"
"GAK","brown"
"GAL","blue"
"GAL3ST1","grey"
"GAL3ST3","blue"
"GAL3ST4","grey"
"GALC","blue"
"GALE","pink"
"GALK1","turquoise"
"GALK2","blue"
"GALM","grey"
"GALNS","yellow"
"GALNT1","turquoise"
"GALNT10","grey"
"GALNT11","yellow"
"GALNT12","pink"
"GALNT13","grey"
"GALNT14","grey"
"GALNT15","grey"
"GALNT16","grey"
"GALNT17","yellow"
"GALNT2","grey"
"GALNT3","lightcyan"
"GALNT5","pink"
"GALNT6","grey"
"GALNT7","grey60"
"GALNT9","blue"
"GALR1","blue"
"GALR2","blue"
"GALR3","blue"
"GALT","grey"
"GAMT","green"
"GAN","grey"
"GANAB","brown"
"GAP43","grey"
"GAPDH","brown"
"GAPDHS","blue"
"GAPT","red"
"GAPVD1","turquoise"
"GAR1","cyan"
"GAREM1","grey"
"GARIN5B","blue"
"GARNL3","grey"
"GARS1","turquoise"
"GARS1-DT","grey"
"GART","turquoise"
"GAS1","turquoise"
"GAS2","yellow"
"GAS2L1","turquoise"
"GAS2L3","grey"
"GAS6","grey"
"GAS6-AS1","grey"
"GAS7","lightgreen"
"GAS8","grey"
"GASK1A","grey"
"GASK1B","black"
"GAST","grey"
"GATA2","turquoise"
"GATA3","grey"
"GATA3-AS1","blue"
"GATA4","green"
"GATA5","blue"
"GATA6","turquoise"
"GATAD2A","grey"
"GATAD2B","brown"
"GATC","green"
"GATD1","grey"
"GATM","yellow"
"GBA1","brown"
"GBA1LP","grey"
"GBA2","grey"
"GBA3","salmon"
"GBE1","turquoise"
"GBF1","brown"
"GBGT1","red"
"GBP1","grey"
"GBP2","grey"
"GBP3","grey"
"GBP4","grey"
"GBP5","grey"
"GBP6","grey"
"GBX2","blue"
"GC","greenyellow"
"GCA","turquoise"
"GCAT","green"
"GCC2","turquoise"
"GCC2-AS1","blue"
"GCFC2","grey"
"GCG","greenyellow"
"GCH1","grey"
"GCHFR","blue"
"GCK","grey"
"GCKR","grey"
"GCLC","grey"
"GCLM","turquoise"
"GCN1","grey"
"GCNA","turquoise"
"GCNT1","grey"
"GCNT2","grey"
"GCNT3","pink"
"GCNT4","yellow"
"GCOM1","grey"
"GCSAM","red"
"GCSH","grey"
"GDA","grey"
"GDAP1","yellow"
"GDAP2","grey"
"GDE1","grey"
"GDF10","green"
"GDF15","grey"
"GDF2","blue"
"GDF7","blue"
"GDI1","brown"
"GDI2","grey"
"GDPD1","grey"
"GDPD2","grey"
"GDPD3","brown"
"GDPD5","green"
"GDPGP1","brown"
"GEM","grey"
"GEMIN4","grey"
"GEMIN6","turquoise"
"GEMIN8","grey"
"GEN1","magenta"
"GET1","turquoise"
"GET3","brown"
"GET4","grey"
"GFAP","blue"
"GFI1","turquoise"
"GFM1","turquoise"
"GFM2","turquoise"
"GFOD3P","grey"
"GFPT1","grey"
"GFPT2","grey"
"GFRA1","grey"
"GFRA2","grey"
"GFRA3","grey"
"GFRA4","blue"
"GFUS","pink"
"GGA1","turquoise"
"GGA2","grey"
"GGA3","brown"
"GGACT","green"
"GGCT","grey"
"GGCX","grey"
"GGH","turquoise"
"GGN","blue"
"GGNBP1","blue"
"GGNBP2","turquoise"
"GGPS1","turquoise"
"GGT1","grey"
"GGT5","black"
"GGT6","green"
"GGT7","grey"
"GGTA1","tan"
"GGTLC2","grey"
"GH1","brown"
"GHITM","blue"
"GHR","tan"
"GHRHR","blue"
"GHRL","grey"
"GHSR","grey"
"GID4","grey"
"GID8","turquoise"
"GIGYF2","grey"
"GIMAP1-GIMAP5","red"
"GIMAP2","turquoise"
"GIMAP4","purple"
"GIMAP6","tan"
"GIMAP7","purple"
"GIMAP8","grey"
"GIN1","grey"
"GINM1","grey"
"GINS1","magenta"
"GINS2","grey"
"GINS4","grey"
"GIP","salmon"
"GIPC1","pink"
"GIPC2","yellow"
"GIPC3","turquoise"
"GIPR","grey"
"GIT1","turquoise"
"GIT2","brown"
"GJA1","turquoise"
"GJA3","blue"
"GJA4","midnightblue"
"GJA5","grey"
"GJA8","blue"
"GJB1","yellow"
"GJB2","pink"
"GJB3","grey"
"GJB4","grey"
"GJB5","grey"
"GJB6","grey"
"GJC1","grey"
"GJC2","blue"
"GJC3","green"
"GJD2","greenyellow"
"GJD3","blue"
"GK","purple"
"GK3","grey"
"GK5","turquoise"
"GKAP1","yellow"
"GKN1","grey"
"GKN2","grey"
"GLA","purple"
"GLB1","brown"
"GLB1L","grey"
"GLB1L2","grey"
"GLCCI1","red"
"GLCE","blue"
"GLDC","grey"
"GLDN","grey"
"GLE1","grey"
"GLG1","turquoise"
"GLI2","brown"
"GLI3","black"
"GLI4","blue"
"GLIDR","grey"
"GLIPR1","red"
"GLIPR2","red"
"GLIS1","blue"
"GLIS2","brown"
"GLIS3","grey"
"GLMN","turquoise"
"GLMP","brown"
"GLO1","grey"
"GLOD4","turquoise"
"GLP1R","green"
"GLP2R","grey"
"GLRA1","greenyellow"
"GLRB","yellow"
"GLRX","green"
"GLRX3","turquoise"
"GLRX5","brown"
"GLS","turquoise"
"GLS2","yellow"
"GLT1D1","grey"
"GLT8D1","blue"
"GLT8D2","black"
"GLTP","grey"
"GLTPD2","blue"
"GLUD1","turquoise"
"GLUL","grey"
"GLYAT","midnightblue"
"GLYCTK","blue"
"GLYR1","brown"
"GM2A","grey"
"GMCL1","grey"
"GMDS","grey"
"GMEB1","blue"
"GMFB","turquoise"
"GMFG","purple"
"GMIP","red"
"GMNN","yellow"
"GMPPA","brown"
"GMPR","brown"
"GMPR2","blue"
"GNA11","brown"
"GNA12","grey"
"GNA13","grey"
"GNA14","tan"
"GNA15","yellow"
"GNAI1","grey"
"GNAI2","brown"
"GNAI3","turquoise"
"GNAL","grey"
"GNAO1","greenyellow"
"GNAQ","grey"
"GNAZ","turquoise"
"GNB1","black"
"GNB2","brown"
"GNB3","grey"
"GNB4","purple"
"GNE","grey"
"GNG10","brown"
"GNG11","grey"
"GNG12","brown"
"GNG13","blue"
"GNG2","red"
"GNG4","greenyellow"
"GNG5","brown"
"GNG7","grey"
"GNG8","blue"
"GNL2","turquoise"
"GNL3","turquoise"
"GNL3L","grey"
"GNLY","grey"
"GNMT","yellow"
"GNPAT","turquoise"
"GNPDA1","turquoise"
"GNPDA2","grey"
"GNPNAT1","grey"
"GNPTAB","grey"
"GNPTG","brown"
"GNRH1","grey"
"GNRHR2","blue"
"GNS","black"
"GOLGA2","grey"
"GOLGA2P9","blue"
"GOLGA4","turquoise"
"GOLGA4-AS1","blue"
"GOLGA5","grey"
"GOLGA6B","grey"
"GOLGA6C","grey"
"GOLGA6EP","grey"
"GOLGA6L1","grey"
"GOLGA6L9","grey"
"GOLGA7","brown"
"GOLGA8A","turquoise"
"GOLGA8B","yellow"
"GOLGA8CP","green"
"GOLGA8DP","yellow"
"GOLGA8IP","grey"
"GOLGA8J","grey"
"GOLGB1","turquoise"
"GOLIM4","green"
"GOLM1","pink"
"GOLM2","grey"
"GOLPH3L","grey"
"GOLT1A","grey"
"GOLT1B","turquoise"
"GON4L","brown"
"GON7","grey"
"GOPC","turquoise"
"GORAB","grey"
"GORASP2","brown"
"GOSR1","grey"
"GOSR2","grey"
"GOT1","grey"
"GOT2","brown"
"GP1BA","grey"
"GP1BB","blue"
"GP2","yellow"
"GP5","blue"
"GP6","blue"
"GPA33","salmon"
"GPAA1","brown"
"GPALPP1","turquoise"
"GPAM","midnightblue"
"GPANK1","turquoise"
"GPAT3","grey"
"GPAT4","turquoise"
"GPATCH1","grey"
"GPATCH11","turquoise"
"GPATCH2","grey"
"GPATCH2L","brown"
"GPBAR1","grey"
"GPBP1","blue"
"GPBP1L1","grey"
"GPC1","turquoise"
"GPC1-AS1","blue"
"GPC2","blue"
"GPC3","tan"
"GPC4","turquoise"
"GPC6","black"
"GPCPD1","grey"
"GPD1","midnightblue"
"GPD1L","grey"
"GPD2","turquoise"
"GPER1","grey"
"GPHA2","green"
"GPHN","grey"
"GPI","brown"
"GPIHBP1","grey"
"GPLD1","grey"
"GPM6A","greenyellow"
"GPM6B","grey"
"GPN1","turquoise"
"GPN3","turquoise"
"GPNMB","purple"
"GPR107","blue"
"GPR108","brown"
"GPR119","greenyellow"
"GPR132","red"
"GPR137","turquoise"
"GPR137B","green"
"GPR139","blue"
"GPR141","purple"
"GPR142","blue"
"GPR143","grey"
"GPR146","midnightblue"
"GPR15","grey"
"GPR150","blue"
"GPR152","blue"
"GPR153","turquoise"
"GPR155","grey"
"GPR157","grey"
"GPR158","grey"
"GPR15LG","grey"
"GPR160","grey"
"GPR161","grey"
"GPR171","red"
"GPR173","blue"
"GPR174","red"
"GPR176","grey"
"GPR18","red"
"GPR180","grey"
"GPR183","purple"
"GPR20","blue"
"GPR21","grey"
"GPR25","blue"
"GPR27","blue"
"GPR3","blue"
"GPR31","grey"
"GPR34","red"
"GPR35","pink"
"GPR37","grey"
"GPR37L1","blue"
"GPR39","pink"
"GPR4","grey"
"GPR52","grey"
"GPR6","blue"
"GPR62","blue"
"GPR63","grey"
"GPR65","red"
"GPR75-ASB3","blue"
"GPR78","blue"
"GPR84","grey"
"GPR87","grey"
"GPR89B","grey"
"GPRASP1","grey"
"GPRASP2","grey"
"GPRC5A","pink"
"GPRC5B","grey"
"GPRC5C","turquoise"
"GPRC5D","grey"
"GPRIN1","blue"
"GPRIN2","grey"
"GPRIN3","grey"
"GPS1","brown"
"GPSM1","turquoise"
"GPSM2","magenta"
"GPSM3","red"
"GPT","blue"
"GPT2","yellow"
"GPX1","brown"
"GPX2","pink"
"GPX3","grey60"
"GPX4","grey"
"GPX7","brown"
"GPX8","turquoise"
"GRAMD1A","brown"
"GRAMD1B","grey"
"GRAMD1C","yellow"
"GRAMD2B","grey"
"GRAP","turquoise"
"GRAP2","red"
"GRAPL","red"
"GRB10","yellow"
"GRB14","yellow"
"GRB2","grey"
"GRB7","grey"
"GREB1","grey"
"GREB1L","grey"
"GREM1","black"
"GREM2","grey"
"GRHL1","grey"
"GRHL2","lightcyan"
"GRHPR","grey"
"GRIA1","grey"
"GRIA2","greenyellow"
"GRIA3","greenyellow"
"GRIA4","grey"
"GRIK2","grey"
"GRIK3","grey"
"GRIK5","turquoise"
"GRIN1","blue"
"GRIN2A","grey"
"GRIN2C","blue"
"GRIN2D","blue"
"GRIN3B","blue"
"GRINA","brown"
"GRIP1","grey"
"GRIP2","blue"
"GRIPAP1","turquoise"
"GRK1","blue"
"GRK2","brown"
"GRK3","grey"
"GRK4","grey"
"GRK5","grey"
"GRK6","grey"
"GRM2","blue"
"GRM4","blue"
"GRM5","blue"
"GRM6","blue"
"GRN","brown"
"GRP","grey"
"GRPEL1","grey"
"GRPEL2","brown"
"GRPR","yellow"
"GRSF1","turquoise"
"GRTP1","grey"
"GSAP","grey"
"GSC","blue"
"GSC2","blue"
"GSDMA","blue"
"GSDMB","grey"
"GSDMC","grey"
"GSDME","turquoise"
"GSE1","green"
"GSG1L","blue"
"GSK3A","brown"
"GSK3B","blue"
"GSKIP","turquoise"
"GSN","grey"
"GSPT1","grey"
"GSPT2","grey"
"GSR","grey"
"GSS","pink"
"GSTA1","yellow"
"GSTA2","yellow"
"GSTA3","black"
"GSTA4","green"
"GSTCD","turquoise"
"GSTK1","brown"
"GSTM1","grey"
"GSTM2","grey"
"GSTM3","grey"
"GSTM4","grey"
"GSTM5","grey"
"GSTO1","grey"
"GSTO2","grey"
"GSTP1","brown"
"GSTT1","grey"
"GSTT2","grey"
"GSX1","blue"
"GSX2","blue"
"GTDC1","grey"
"GTF2A1L","turquoise"
"GTF2A2","brown"
"GTF2B","turquoise"
"GTF2E1","turquoise"
"GTF2E2","grey"
"GTF2F1","brown"
"GTF2F2","turquoise"
"GTF2H1","blue"
"GTF2H2C_2","grey"
"GTF2H3","turquoise"
"GTF2H5","grey"
"GTF2I","turquoise"
"GTF2IRD1","pink"
"GTF2IRD2B","grey"
"GTF3A","yellow"
"GTF3C2","brown"
"GTF3C3","turquoise"
"GTF3C5","brown"
"GTF3C6","grey"
"GTPBP1","brown"
"GTPBP10","brown"
"GTPBP2","brown"
"GTPBP3","turquoise"
"GTPBP4","brown"
"GTPBP8","grey"
"GTSF1","grey"
"GUCA1ANB-GUCA1A","grey"
"GUCA1C","green"
"GUCA2A","grey"
"GUCD1","brown"
"GUCY1A1","grey"
"GUCY1A2","grey"
"GUCY1B1","grey"
"GUCY1B2","grey"
"GUCY2C","salmon"
"GUCY2D","blue"
"GUF1","grey"
"GUK1","turquoise"
"GULP1","grey"
"GUSB","turquoise"
"GUSBP1","grey"
"GUSBP11","grey"
"GUSBP2","grey"
"GUSBP4","grey"
"GUSBP5","turquoise"
"GVINP1","red"
"GVQW3","yellow"
"GXYLT1","grey"
"GXYLT2","black"
"GYG1","turquoise"
"GYG2","grey"
"GYPC","grey60"
"GYPE","grey"
"GYS1","brown"
"GZF1","turquoise"
"GZMA","grey"
"GZMB","grey"
"GZMK","red"
"GZMM","blue"
"H1-0","pink"
"H1-1","grey"
"H1-10","grey"
"H1-10-AS1","blue"
"H1-2","grey"
"H1-3","grey"
"H1-4","brown"
"H1-5","magenta"
"H1-6","grey"
"H1-7","blue"
"H1-9P","blue"
"H19","grey"
"H2AC11","grey"
"H2AC13","magenta"
"H2AC14","grey"
"H2AC15","grey"
"H2AC19","magenta"
"H2AC20","grey"
"H2AC21","magenta"
"H2AC25","grey"
"H2AC4","magenta"
"H2AC6","brown"
"H2AC8","grey"
"H2AJ","grey"
"H2AX","grey"
"H2AZ1","magenta"
"H2AZ2","blue"
"H2BC10","grey"
"H2BC11","magenta"
"H2BC12","brown"
"H2BC13","grey"
"H2BC14","grey"
"H2BC15","grey"
"H2BC17","grey"
"H2BC18","brown"
"H2BC21","pink"
"H2BC26","grey"
"H2BC3","grey"
"H2BC4","brown"
"H2BC5","pink"
"H2BC7","grey"
"H2BC8","grey"
"H2BC9","grey"
"H2BP1","brown"
"H2BW2","blue"
"H3-3B","turquoise"
"H3-4","blue"
"H3-5","brown"
"H3C1","grey"
"H3C10","magenta"
"H3C11","grey"
"H3C12","grey"
"H3C15","turquoise"
"H3C2","grey"
"H3C4","grey"
"H3C7","grey"
"H3C8","grey"
"H4C1","grey"
"H4C12","grey"
"H4C13","brown"
"H4C14","brown"
"H4C15","magenta"
"H4C16","grey"
"H4C2","grey"
"H4C3","brown"
"H4C4","brown"
"H4C5","grey"
"H4C6","red"
"H4C8","grey"
"H6PD","brown"
"HAAO","green"
"HABP2","yellow"
"HABP4","turquoise"
"HACD1","grey"
"HACD2","brown"
"HACD3","grey"
"HACD4","purple"
"HACE1","turquoise"
"HACL1","grey"
"HADH","grey"
"HADHA","grey"
"HADHB","turquoise"
"HAGH","brown"
"HAGHL","blue"
"HAL","grey"
"HAMP","grey"
"HAND1","blue"
"HAND2","grey"
"HAND2-AS1","grey"
"HAPLN1","grey"
"HAPLN2","blue"
"HAPLN3","yellow"
"HAPLN4","blue"
"HAPSTR2","blue"
"HARBI1","brown"
"HARS1","grey"
"HARS2","turquoise"
"HAS1","grey"
"HAS2","grey"
"HAS3","grey"
"HASPIN","grey"
"HAT1","grey"
"HAUS1","grey"
"HAUS2","brown"
"HAUS3","turquoise"
"HAUS4","grey"
"HAUS5","turquoise"
"HAUS6","turquoise"
"HAUS8","grey"
"HAVCR1","grey"
"HAVCR2","purple"
"HAX1","grey"
"HBA2","grey"
"HBB","grey"
"HBD","grey"
"HBEGF","grey"
"HBG1","grey"
"HBM","blue"
"HBP1","turquoise"
"HBQ1","blue"
"HBS1L","turquoise"
"HBZ","blue"
"HCAR1","grey"
"HCAR2","grey"
"HCAR3","grey"
"HCCS","grey"
"HCFC1","brown"
"HCFC2","turquoise"
"HCG4","grey"
"HCK","purple"
"HCLS1","purple"
"HCN1","grey"
"HCN2","blue"
"HCN4","blue"
"HCP5","grey"
"HCRT","blue"
"HCST","grey"
"HDAC1","turquoise"
"HDAC10","turquoise"
"HDAC11","green"
"HDAC2","turquoise"
"HDAC3","grey"
"HDAC7","yellow"
"HDAC8","brown"
"HDAC9","turquoise"
"HDC","grey"
"HDDC2","yellow"
"HDDC3","green"
"HDGF","brown"
"HDGFL3","grey"
"HDHD2","grey"
"HDHD3","green"
"HDHD5","grey"
"HDHD5-AS1","blue"
"HDLBP","green"
"HEATR1","turquoise"
"HEATR3","turquoise"
"HEATR5A","blue"
"HEATR5B","grey"
"HEATR6","grey"
"HEBP1","grey"
"HEBP2","turquoise"
"HECA","grey"
"HECTD1","turquoise"
"HECTD2","grey"
"HECTD3","brown"
"HECW1","grey"
"HECW2","grey"
"HEG1","grey"
"HELB","grey"
"HELLS","magenta"
"HELQ","grey"
"HELT","blue"
"HEMK1","brown"
"HEMK2","grey"
"HENMT1","turquoise"
"HEPACAM","grey"
"HEPACAM2","greenyellow"
"HEPH","turquoise"
"HEPHL1","grey"
"HERC1","turquoise"
"HERC2","turquoise"
"HERC2P2","turquoise"
"HERC2P9","grey"
"HERC3","grey"
"HERC4","turquoise"
"HERC5","turquoise"
"HERC6","grey"
"HERPUD1","yellow"
"HERPUD2","brown"
"HES1","grey"
"HES2","blue"
"HES3","blue"
"HES4","blue"
"HES5","blue"
"HES6","blue"
"HES7","blue"
"HEXA","blue"
"HEXB","grey"
"HEXD","green"
"HEXIM1","grey"
"HEXIM2","turquoise"
"HEY1","grey"
"HEY2","grey"
"HEYL","grey"
"HFE","cyan"
"HFM1","grey"
"HGC6.3","blue"
"HGD","lightcyan"
"HGF","lightgreen"
"HGFAC","blue"
"HGH1","blue"
"HGSNAT","brown"
"HHEX","brown"
"HHIP","grey"
"HHIPL1","blue"
"HHLA2","grey"
"HIBADH","grey"
"HIBCH","turquoise"
"HIC1","turquoise"
"HID1","green"
"HIF1A","black"
"HIF1AN","turquoise"
"HIF3A","blue"
"HIGD1A","grey"
"HIGD2A","brown"
"HIKESHI","blue"
"HILPDA","grey"
"HINFP","grey"
"HINT1","brown"
"HINT2","brown"
"HINT3","turquoise"
"HIP1","black"
"HIP1R","grey"
"HIPK1","grey"
"HIPK2","grey"
"HIPK3","turquoise"
"HIPK4","blue"
"HIRIP3","turquoise"
"HIVEP1","grey"
"HIVEP2","grey"
"HIVEP3","brown"
"HJURP","magenta"
"HJV","blue"
"HK1","turquoise"
"HK2","pink"
"HK3","grey"
"HKDC1","grey"
"HLA-DMA","grey"
"HLA-DMB","purple"
"HLA-DOA","red"
"HLA-DOB","red"
"HLA-DPA1","red"
"HLA-DPB1","red"
"HLA-DQA1","grey"
"HLA-DQA2","red"
"HLA-DQB1","grey"
"HLA-DQB2","red"
"HLA-DRA","purple"
"HLA-DRB1","red"
"HLA-DRB3","grey"
"HLA-DRB5","grey"
"HLA-F","brown"
"HLA-F-AS1","grey"
"HLCS","grey"
"HLF","tan"
"HLTF","grey"
"HM13","green"
"HMBOX1","grey"
"HMBS","brown"
"HMCES","blue"
"HMCN1","turquoise"
"HMCN2","blue"
"HMG20A","grey"
"HMG20B","turquoise"
"HMGA1","grey"
"HMGA2","grey"
"HMGB1","turquoise"
"HMGB2","turquoise"
"HMGB3","grey"
"HMGB3P1","blue"
"HMGCL","turquoise"
"HMGCLL1","greenyellow"
"HMGCR","turquoise"
"HMGCS1","turquoise"
"HMGCS2","grey"
"HMGN2P46","grey"
"HMGN3","grey"
"HMGN4","brown"
"HMGN5","turquoise"
"HMGXB3","brown"
"HMGXB4","pink"
"HMMR","magenta"
"HMOX1","grey"
"HMOX2","brown"
"HMX1","blue"
"HMX3","blue"
"HNF1A","turquoise"
"HNF1A-AS1","lightcyan"
"HNF1B","yellow"
"HNF4A","green"
"HNF4G","grey"
"HNMT","blue"
"HNRNPA0","grey"
"HNRNPA1","turquoise"
"HNRNPA1L2","blue"
"HNRNPA1P10","turquoise"
"HNRNPA1P6","turquoise"
"HNRNPA2B1","turquoise"
"HNRNPA3","turquoise"
"HNRNPA3P1","turquoise"
"HNRNPAB","turquoise"
"HNRNPC","blue"
"HNRNPD","blue"
"HNRNPDL","turquoise"
"HNRNPF","turquoise"
"HNRNPH1","turquoise"
"HNRNPH2","turquoise"
"HNRNPH3","blue"
"HNRNPK","turquoise"
"HNRNPLL","turquoise"
"HNRNPM","brown"
"HNRNPR","turquoise"
"HNRNPU","turquoise"
"HNRNPUL1","brown"
"HNRNPUL2","turquoise"
"HOGA1","green"
"HOMER1","grey"
"HOMER2","yellow"
"HOMER3","grey"
"HOOK1","yellow"
"HOOK2","grey"
"HOOK3","turquoise"
"HOPX","grey"
"HORMAD1","grey"
"HOXA-AS2","grey"
"HOXA1","blue"
"HOXA10","blue"
"HOXA13","blue"
"HOXA2","grey"
"HOXA3","blue"
"HOXA5","grey"
"HOXA6","grey"
"HOXA7","blue"
"HOXB1","blue"
"HOXB13","blue"
"HOXB2","brown"
"HOXB3","grey"
"HOXB4","grey"
"HOXB5","grey"
"HOXB6","grey"
"HOXB7","grey"
"HOXB8","grey"
"HOXB9","grey"
"HOXC10","grey"
"HOXC12","blue"
"HOXC8","grey"
"HOXC9","grey"
"HOXD1","blue"
"HOXD10","grey"
"HOXD11","blue"
"HOXD12","blue"
"HOXD13","blue"
"HOXD3","blue"
"HOXD4","blue"
"HOXD8","blue"
"HP","grey"
"HP1BP3","grey"
"HPCA","blue"
"HPCAL1","turquoise"
"HPD","grey"
"HPDL","blue"
"HPF1","turquoise"
"HPGD","grey"
"HPGDS","lightgreen"
"HPN","green"
"HPR","grey"
"HPRT1","turquoise"
"HPS1","turquoise"
"HPS3","brown"
"HPS4","grey"
"HPS5","turquoise"
"HPS6","turquoise"
"HPSE","grey"
"HR","blue"
"HRH1","grey"
"HRH2","grey"
"HRH3","blue"
"HRH4","grey"
"HRK","blue"
"HROB","grey"
"HS2ST1","turquoise"
"HS3ST1","pink"
"HS3ST2","blue"
"HS3ST3A1","blue"
"HS3ST3B1","grey"
"HS3ST4","blue"
"HS3ST5","grey"
"HS3ST6","blue"
"HS6ST1","brown"
"HS6ST2","black"
"HS6ST3","grey"
"HSBP1","turquoise"
"HSD11B1","grey"
"HSD11B1L","blue"
"HSD11B2","grey"
"HSD17B1","blue"
"HSD17B10","turquoise"
"HSD17B11","blue"
"HSD17B12","grey"
"HSD17B13","grey"
"HSD17B14","grey"
"HSD17B2","grey"
"HSD17B3","grey"
"HSD17B4","turquoise"
"HSD17B6","grey"
"HSD17B7","turquoise"
"HSD17B7P2","grey"
"HSD17B8","yellow"
"HSD3B7","turquoise"
"HSD3BP4","grey"
"HSDL1","turquoise"
"HSDL2","grey"
"HSF1","turquoise"
"HSF2","turquoise"
"HSH2D","grey"
"HSP90AA1","grey"
"HSP90AA2P","grey"
"HSP90AA6P","grey"
"HSP90AB3P","grey"
"HSP90AB4P","turquoise"
"HSP90B1","turquoise"
"HSP90B2P","turquoise"
"HSPA12A","grey"
"HSPA12B","grey"
"HSPA13","turquoise"
"HSPA14","turquoise"
"HSPA1A","grey"
"HSPA2","grey"
"HSPA4","turquoise"
"HSPA4L","grey"
"HSPA5","grey"
"HSPA6","grey"
"HSPA7","grey"
"HSPA9","turquoise"
"HSPB1","turquoise"
"HSPB2","grey"
"HSPB6","grey60"
"HSPB7","midnightblue"
"HSPB8","grey"
"HSPB9","blue"
"HSPD1","grey"
"HSPE1-MOB4","grey"
"HSPG2","brown"
"HSPH1","grey"
"HTATIP2","turquoise"
"HTATSF1","turquoise"
"HTATSF1P2","grey"
"HTR1B","grey"
"HTR1D","grey"
"HTR1F","greenyellow"
"HTR2A","grey"
"HTR2B","grey"
"HTR3A","grey"
"HTR5A","blue"
"HTR6","blue"
"HTR7P1","blue"
"HTRA1","turquoise"
"HTRA3","grey"
"HTRA4","grey"
"HTT","grey"
"HUNK","yellow"
"HUS1","brown"
"HUWE1","brown"
"HVCN1","red"
"HYAL1","grey"
"HYCC1","turquoise"
"HYCC2","turquoise"
"HYDIN","grey"
"HYI","green"
"HYKK","grey"
"HYOU1","green"
"HYPK","turquoise"
"IAH1","blue"
"IAPP","grey"
"IARS1","turquoise"
"IARS2","turquoise"
"IBSP","grey"
"IBTK","turquoise"
"ICA1","yellow"
"ICA1L","greenyellow"
"ICAM1","grey"
"ICAM2","red"
"ICAM3","red"
"ICAM4","grey"
"ICAM5","blue"
"ICE1","turquoise"
"ICE2","grey"
"ICMT","grey"
"ICOS","red"
"ICOSLG","grey"
"ID1","brown"
"ID2","brown"
"ID3","black"
"ID4","grey"
"IDE","grey"
"IDH1","blue"
"IDH2","green"
"IDH3A","grey"
"IDH3B","turquoise"
"IDH3G","brown"
"IDI1","turquoise"
"IDNK","grey"
"IDO1","grey"
"IDS","black"
"IDUA","turquoise"
"IER2","grey"
"IER3","brown"
"IER3IP1","turquoise"
"IER5","blue"
"IER5L","blue"
"IFFO1","grey"
"IFFO2","grey"
"IFI16","black"
"IFI27","pink"
"IFI27L2","brown"
"IFI30","purple"
"IFI35","grey"
"IFI44","grey"
"IFI44L","grey"
"IFI6","brown"
"IFIH1","grey"
"IFIT1","grey"
"IFIT2","grey"
"IFIT3","grey"
"IFIT5","grey"
"IFITM1","black"
"IFITM10","grey"
"IFITM2","black"
"IFITM3","black"
"IFITM5","blue"
"IFNAR1","turquoise"
"IFNAR2","purple"
"IFNE","grey"
"IFNG","grey"
"IFNGR1","purple"
"IFNGR2","pink"
"IFNL1","blue"
"IFNL2","blue"
"IFNL3","blue"
"IFNLR1","grey"
"IFRD1","brown"
"IFRD2","turquoise"
"IFT122","grey"
"IFT172","grey"
"IFT20","yellow"
"IFT22","grey"
"IFT25","grey"
"IFT43","grey"
"IFT46","grey"
"IFT52","blue"
"IFT56","turquoise"
"IFT57","grey"
"IFT70A","grey"
"IFT70B","grey"
"IFT74","grey"
"IFT80","turquoise"
"IFT81","turquoise"
"IFT88","turquoise"
"IGBP1","yellow"
"IGBP1P1","grey"
"IGDCC4","grey"
"IGF1","tan"
"IGF1R","grey"
"IGF2","grey"
"IGF2-AS","blue"
"IGF2BP2","grey"
"IGF2BP3","grey"
"IGF2R","turquoise"
"IGFALS","blue"
"IGFBP1","blue"
"IGFBP2","green"
"IGFBP3","black"
"IGFBP4","grey60"
"IGFBP5","black"
"IGFBP6","grey"
"IGFBP7","brown"
"IGFBPL1","blue"
"IGFL1","grey"
"IGFL2","grey"
"IGFL4","grey"
"IGFLR1","red"
"IGFN1","green"
"IGHA1","red"
"IGHG1","red"
"IGHG4","red"
"IGIP","turquoise"
"IGK","red"
"IGKC","red"
"IGKV1-5","red"
"IGKV1D-13","red"
"IGKV1D-8","red"
"IGKV2-24","red"
"IGKV2OR22-4","grey"
"IGKV3D-15","red"
"IGLL3P","grey"
"IGLL5","red"
"IGLON5","blue"
"IGLV6-57","red"
"IGSF10","midnightblue"
"IGSF11","yellow"
"IGSF3","grey"
"IGSF5","yellow"
"IGSF6","red"
"IGSF8","turquoise"
"IGSF9","grey"
"IGSF9B","grey"
"IHH","grey"
"IK","turquoise"
"IKBIP","grey"
"IKBKB","grey"
"IKBKE","grey"
"IKBKG","turquoise"
"IKZF1","red"
"IKZF2","grey"
"IKZF3","red"
"IKZF4","grey"
"IKZF5","grey"
"IL10","grey"
"IL10RA","red"
"IL10RB","grey"
"IL11","blue"
"IL12RB1","red"
"IL12RB2","grey"
"IL13RA1","grey"
"IL13RA2","grey"
"IL15","grey"
"IL15RA","grey"
"IL16","red"
"IL17C","blue"
"IL17D","blue"
"IL17RA","brown"
"IL17RB","grey"
"IL17RC","turquoise"
"IL17RD","grey"
"IL17RE","grey"
"IL17REL","blue"
"IL18","grey"
"IL18BP","brown"
"IL18R1","turquoise"
"IL18RAP","grey"
"IL1A","grey"
"IL1B","grey"
"IL1R1","grey"
"IL1R2","grey"
"IL1RAP","turquoise"
"IL1RAPL1","grey"
"IL1RAPL2","grey"
"IL1RL1","grey"
"IL1RL2","grey"
"IL1RN","grey"
"IL20RA","grey"
"IL20RB","grey"
"IL21R","red"
"IL22RA1","green"
"IL2RA","grey"
"IL2RB","red"
"IL2RG","black"
"IL32","brown"
"IL33","tan"
"IL34","grey"
"IL36RN","blue"
"IL3RA","grey"
"IL4R","grey"
"IL6","grey"
"IL6-AS1","grey"
"IL6R","grey"
"IL6ST","grey"
"IL7","grey"
"IL7R","purple"
"ILDR1","turquoise"
"ILF2","brown"
"ILF3","blue"
"ILF3-DT","grey"
"ILK","black"
"ILKAP","turquoise"
"ILRUN","brown"
"ILVBL","grey"
"IMMP1L","grey"
"IMMP2L","turquoise"
"IMMT","grey"
"IMP3","brown"
"IMP4","grey"
"IMPA1","turquoise"
"IMPA2","yellow"
"IMPACT","grey"
"IMPDH1","turquoise"
"IMPDH2","grey"
"INA","greenyellow"
"INAVA","pink"
"INCA1","blue"
"INE1","turquoise"
"INF2","grey"
"ING2","grey"
"ING3","grey"
"ING4","blue"
"INHA","black"
"INHBA","black"
"INHBB","blue"
"INHBE","blue"
"INMT","grey"
"INO80B","blue"
"INO80C","turquoise"
"INO80D","brown"
"INPP1","turquoise"
"INPP4A","red"
"INPP4B","pink"
"INPP5A","grey"
"INPP5B","grey"
"INPP5D","red"
"INPP5E","turquoise"
"INPP5F","turquoise"
"INPP5J","green"
"INPP5K","brown"
"INPPL1","brown"
"INS","grey"
"INSC","grey"
"INSIG1","grey"
"INSIG2","turquoise"
"INSL3","turquoise"
"INSM1","blue"
"INSM2","blue"
"INSR","yellow"
"INSRR","blue"
"INSYN1","blue"
"INTS1","turquoise"
"INTS10","turquoise"
"INTS11","grey"
"INTS13","turquoise"
"INTS14","turquoise"
"INTS2","turquoise"
"INTS3","brown"
"INTS4","brown"
"INTS4P1","grey"
"INTS4P2","blue"
"INTS5","blue"
"INTS6","green"
"INTS6L","purple"
"INTS7","grey"
"INTS8","turquoise"
"INTS9","grey"
"INTU","blue"
"INVS","grey"
"IP6K2","turquoise"
"IP6K3","blue"
"IPCEF1","red"
"IPMK","grey"
"IPO11","turquoise"
"IPO13","grey"
"IPO4","brown"
"IPO5","yellow"
"IPO7","grey"
"IPO8","turquoise"
"IPO9","blue"
"IPP","turquoise"
"IQCA1","grey"
"IQCA1L","blue"
"IQCB1","blue"
"IQCE","pink"
"IQCG","blue"
"IQCK","grey"
"IQCN","grey"
"IQGAP1","pink"
"IQGAP2","grey"
"IQGAP3","magenta"
"IQSEC1","brown"
"IRAG1","black"
"IRAG1-AS1","blue"
"IRAG2","grey"
"IRAK1","grey"
"IRAK1BP1","green"
"IRAK2","grey"
"IRAK3","green"
"IRAK4","grey"
"IREB2","turquoise"
"IRF1","grey"
"IRF2","brown"
"IRF2BP2","turquoise"
"IRF2BPL","turquoise"
"IRF4","red"
"IRF6","pink"
"IRF7","blue"
"IRF8","red"
"IRF9","brown"
"IRGC","blue"
"IRS1","grey"
"IRS2","turquoise"
"IRS4","grey"
"IRX1","blue"
"IRX2","blue"
"IRX2-DT","blue"
"IRX3","blue"
"IRX4","blue"
"IRX6","blue"
"ISCA1","cyan"
"ISCA2","grey"
"ISCU","turquoise"
"ISG15","grey"
"ISG20","grey"
"ISG20L2","brown"
"ISL1","greenyellow"
"ISL2","blue"
"ISLR","brown"
"ISLR2","blue"
"ISM1","grey"
"ISM2","blue"
"ISOC1","grey"
"ISOC2","turquoise"
"IST1","pink"
"ISY1","turquoise"
"ISYNA1","green"
"ITCH","turquoise"
"ITFG1","blue"
"ITGA11","black"
"ITGA2","pink"
"ITGA2B","blue"
"ITGA3","pink"
"ITGA4","turquoise"
"ITGA5","grey"
"ITGA6","grey"
"ITGA7","midnightblue"
"ITGA8","grey"
"ITGA9","grey"
"ITGAE","grey"
"ITGAL","red"
"ITGAM","purple"
"ITGAV","turquoise"
"ITGAX","red"
"ITGB1","turquoise"
"ITGB1BP1","turquoise"
"ITGB2","purple"
"ITGB3","grey"
"ITGB3BP","grey"
"ITGB4","pink"
"ITGB5","black"
"ITGB6","pink"
"ITGB7","red"
"ITGB8","grey"
"ITGBL1","turquoise"
"ITIH2","grey"
"ITIH3","grey"
"ITIH4","yellow"
"ITIH5","grey"
"ITK","red"
"ITLN1","grey"
"ITLN2","salmon"
"ITM2A","tan"
"ITM2C","brown"
"ITPK1","brown"
"ITPKA","blue"
"ITPKB","red"
"ITPKC","grey"
"ITPR1","turquoise"
"ITPR2","grey"
"ITPR3","pink"
"ITPRID2","yellow"
"ITPRIP","grey"
"ITPRIPL2","turquoise"
"ITSN1","lightgreen"
"ITSN2","grey"
"IVL","blue"
"IVNS1ABP","brown"
"IWS1","turquoise"
"IYD","grey"
"IZUMO1","black"
"IZUMO2","blue"
"IZUMO4","blue"
"JADE1","yellow"
"JADE2","grey"
"JADE3","grey"
"JAG1","grey"
"JAG2","turquoise"
"JAGN1","turquoise"
"JAK1","grey"
"JAK2","turquoise"
"JAK3","red"
"JAKMIP2","grey"
"JAM2","tan"
"JAM3","turquoise"
"JAML","purple"
"JARID2","grey"
"JAZF1","turquoise"
"JCAD","grey"
"JCHAIN","red"
"JDP2","grey"
"JHY","grey"
"JKAMP","turquoise"
"JMJD1C","grey"
"JMJD1C-AS1","blue"
"JMJD6","grey"
"JMJD8","brown"
"JMY","grey"
"JOSD1","grey"
"JOSD2","blue"
"JPH1","grey"
"JPH3","blue"
"JPH4","blue"
"JPT1","pink"
"JPT2","pink"
"JPX","grey"
"JRKL","turquoise"
"JSRP1","blue"
"JTB","grey"
"JUN","grey"
"JUNB","brown"
"JUND","grey"
"JUP","pink"
"KAAG1","grey"
"KALRN","grey"
"KANK1","grey"
"KANK2","grey"
"KANK3","blue"
"KANK4","turquoise"
"KANSL1","brown"
"KANSL1L","grey"
"KANSL2","turquoise"
"KARS1","grey"
"KASH5","blue"
"KAT2A","brown"
"KAT2B","grey"
"KAT6A","turquoise"
"KAT6B","grey"
"KAT7","brown"
"KATNA1","turquoise"
"KATNAL1","turquoise"
"KATNBL1","turquoise"
"KATNIP","grey"
"KBTBD11","blue"
"KBTBD12","grey"
"KBTBD13","blue"
"KBTBD2","turquoise"
"KBTBD3","turquoise"
"KBTBD7","grey"
"KBTBD8","grey"
"KCMF1","grey"
"KCNA1","blue"
"KCNA3","red"
"KCNA6","blue"
"KCNA7","blue"
"KCNAB1","grey"
"KCNAB2","red"
"KCNB1","grey"
"KCNB2","greenyellow"
"KCNC1","blue"
"KCNC3","blue"
"KCNC4","turquoise"
"KCND1","grey"
"KCND2","black"
"KCND3","grey"
"KCNE1","blue"
"KCNE3","grey"
"KCNE4","grey"
"KCNE5","blue"
"KCNF1","blue"
"KCNG1","blue"
"KCNG2","blue"
"KCNG3","grey"
"KCNG4","blue"
"KCNH1","grey"
"KCNH2","blue"
"KCNH3","blue"
"KCNH4","blue"
"KCNH6","greenyellow"
"KCNH8","grey"
"KCNIP1","greenyellow"
"KCNIP2","midnightblue"
"KCNIP3","brown"
"KCNJ10","grey"
"KCNJ11","grey"
"KCNJ12","blue"
"KCNJ14","blue"
"KCNJ15","yellow"
"KCNJ16","yellow"
"KCNJ2","grey"
"KCNJ3","grey"
"KCNJ4","blue"
"KCNJ5","green"
"KCNJ6","greenyellow"
"KCNJ8","yellow"
"KCNJ9","blue"
"KCNK1","pink"
"KCNK10","grey"
"KCNK12","blue"
"KCNK13","blue"
"KCNK15","blue"
"KCNK16","greenyellow"
"KCNK17","greenyellow"
"KCNK2","grey"
"KCNK3","green"
"KCNK5","grey"
"KCNK6","grey"
"KCNK9","blue"
"KCNMA1","grey"
"KCNMB1","grey"
"KCNMB2","greenyellow"
"KCNMB3","brown"
"KCNMB4","grey"
"KCNN2","yellow"
"KCNN3","grey"
"KCNN4","pink"
"KCNQ1","green"
"KCNQ3","grey"
"KCNQ4","turquoise"
"KCNQ5","grey"
"KCNS3","grey"
"KCNT1","blue"
"KCNT2","turquoise"
"KCNV1","blue"
"KCTD1","grey"
"KCTD10","black"
"KCTD11","red"
"KCTD12","grey60"
"KCTD13","turquoise"
"KCTD15","grey"
"KCTD16","green"
"KCTD17","blue"
"KCTD18","turquoise"
"KCTD20","grey"
"KCTD3","red"
"KCTD5","grey"
"KCTD7","brown"
"KCTD8","blue"
"KCTD9","grey"
"KDELR1","grey"
"KDELR2","brown"
"KDELR3","brown"
"KDF1","turquoise"
"KDM1A","turquoise"
"KDM1B","blue"
"KDM2A","grey"
"KDM3A","turquoise"
"KDM4A","turquoise"
"KDM4B","turquoise"
"KDM4C","turquoise"
"KDM5A","turquoise"
"KDM5B","turquoise"
"KDM5C","grey"
"KDM5D","grey"
"KDM6A","grey"
"KDM6B","grey"
"KDM7A","grey"
"KDM8","turquoise"
"KDR","tan"
"KDSR","turquoise"
"KEL","grey"
"KHDC4","brown"
"KHDRBS1","turquoise"
"KHDRBS2","red"
"KHDRBS3","grey"
"KHK","grey"
"KIAA0040","brown"
"KIAA0232","turquoise"
"KIAA0319","grey"
"KIAA0319L","grey"
"KIAA0513","grey"
"KIAA0586","blue"
"KIAA0753","turquoise"
"KIAA0825","grey"
"KIAA0930","brown"
"KIAA1143","grey"
"KIAA1191","brown"
"KIAA1217","grey"
"KIAA1328","grey"
"KIAA1549","green"
"KIAA1549L","grey"
"KIAA1586","turquoise"
"KIAA1614","blue"
"KIAA1671","grey"
"KIAA1755","grey"
"KIAA1958","yellow"
"KIAA2013","turquoise"
"KICS2","grey"
"KIDINS220","turquoise"
"KIF11","magenta"
"KIF12","green"
"KIF13A","turquoise"
"KIF13B","pink"
"KIF14","magenta"
"KIF15","magenta"
"KIF16B","turquoise"
"KIF18A","magenta"
"KIF1A","green"
"KIF1B","turquoise"
"KIF1C","grey"
"KIF20A","magenta"
"KIF20B","magenta"
"KIF21A","turquoise"
"KIF21B","red"
"KIF22","blue"
"KIF23","magenta"
"KIF26A","blue"
"KIF26B","black"
"KIF27","turquoise"
"KIF2A","grey"
"KIF2C","magenta"
"KIF3A","turquoise"
"KIF3B","red"
"KIF3C","grey"
"KIF4A","magenta"
"KIF5B","grey"
"KIF5C","greenyellow"
"KIF7","blue"
"KIFAP3","turquoise"
"KIFBP","turquoise"
"KIFC2","turquoise"
"KIFC3","grey"
"KIN","turquoise"
"KIR2DL5A","grey"
"KIR2DS2","blue"
"KIR2DS5","grey"
"KIR3DL3","blue"
"KIRREL1","black"
"KIRREL2","green"
"KISS1","blue"
"KISS1R","blue"
"KIT","grey"
"KITLG","turquoise"
"KIZ","grey"
"KL","grey"
"KLB","yellow"
"KLC1","turquoise"
"KLC3","blue"
"KLF1","blue"
"KLF10","grey"
"KLF11","green"
"KLF12","purple"
"KLF14","blue"
"KLF15","green"
"KLF16","turquoise"
"KLF17","blue"
"KLF2","grey"
"KLF3","brown"
"KLF3-AS1","grey"
"KLF4","grey"
"KLF5","pink"
"KLF6","grey"
"KLF7","brown"
"KLF8","grey"
"KLF9","blue"
"KLHDC1","grey"
"KLHDC10","grey"
"KLHDC2","yellow"
"KLHDC3","brown"
"KLHDC7A","blue"
"KLHDC7B","blue"
"KLHDC8A","blue"
"KLHDC8B","brown"
"KLHL12","turquoise"
"KLHL13","grey"
"KLHL14","red"
"KLHL15","grey"
"KLHL17","blue"
"KLHL18","grey"
"KLHL2","turquoise"
"KLHL20","blue"
"KLHL21","grey"
"KLHL24","turquoise"
"KLHL26","turquoise"
"KLHL28","turquoise"
"KLHL3","grey"
"KLHL30","blue"
"KLHL31","midnightblue"
"KLHL34","blue"
"KLHL36","turquoise"
"KLHL4","grey"
"KLHL40","blue"
"KLHL41","grey"
"KLHL42","grey"
"KLHL5","turquoise"
"KLHL6","purple"
"KLHL7","turquoise"
"KLHL8","turquoise"
"KLHL9","grey"
"KLK1","yellow"
"KLK10","grey"
"KLK11","grey"
"KLK13","blue"
"KLK3","blue"
"KLK5","grey"
"KLK6","grey"
"KLK7","grey"
"KLK8","grey"
"KLKB1","yellow"
"KLRA1P","blue"
"KLRB1","purple"
"KLRC1","grey"
"KLRC2","grey"
"KLRC3","grey"
"KLRC4-KLRK1","red"
"KLRD1","grey"
"KLRF1","grey"
"KLRG1","red"
"KMO","purple"
"KMT2B","turquoise"
"KMT2C","grey"
"KMT2D","brown"
"KMT2E","grey"
"KMT5B","turquoise"
"KMT5C","blue"
"KNDC1","blue"
"KNL1","magenta"
"KNOP1","turquoise"
"KNSTRN","magenta"
"KNTC1","magenta"
"KPLCE","blue"
"KPNA1","turquoise"
"KPNA2","black"
"KPNA3","brown"
"KPNA4","grey"
"KPNA5","grey"
"KPNA6","brown"
"KPNA7","grey"
"KPNB1","turquoise"
"KRAS","turquoise"
"KRBA1","blue"
"KRBA2","turquoise"
"KRBOX4","grey"
"KRBOX5","grey"
"KRCC1","grey"
"KREMEN1","turquoise"
"KREMEN2","blue"
"KRI1","cyan"
"KRIT1","grey"
"KRR1","blue"
"KRT10-AS1","turquoise"
"KRT13","grey"
"KRT14","grey"
"KRT15","grey"
"KRT16","grey"
"KRT16P3","grey"
"KRT17","grey"
"KRT17P2","grey"
"KRT17P5","grey"
"KRT18","lightcyan"
"KRT19","pink"
"KRT20","salmon"
"KRT23","grey"
"KRT33A","turquoise"
"KRT33B","blue"
"KRT4","grey"
"KRT5","grey"
"KRT6A","grey"
"KRT6B","grey"
"KRT6C","grey"
"KRT7","pink"
"KRT72","blue"
"KRT8","pink"
"KRT80","grey"
"KRT81","grey"
"KRT86","blue"
"KRT87P","grey"
"KRTAP10-1","blue"
"KRTAP10-10","blue"
"KRTAP10-11","green"
"KRTAP10-12","blue"
"KRTAP10-2","blue"
"KRTAP10-3","blue"
"KRTAP10-4","blue"
"KRTAP10-5","grey"
"KRTAP10-6","blue"
"KRTAP10-7","blue"
"KRTAP10-8","blue"
"KRTAP10-9","grey"
"KRTAP12-1","grey"
"KRTAP12-4","blue"
"KRTAP17-1","blue"
"KRTAP19-3","blue"
"KRTAP19-5","turquoise"
"KRTAP4-2","turquoise"
"KRTAP4-3","blue"
"KRTAP4-4","grey"
"KRTAP4-7","grey"
"KRTAP5-1","grey"
"KRTAP5-10","grey"
"KRTAP5-3","turquoise"
"KRTAP5-5","grey"
"KRTAP5-8","grey"
"KRTAP5-AS1","grey"
"KRTAP8-1","blue"
"KRTAP9-1","grey"
"KRTCAP2","grey"
"KRTCAP3","grey"
"KRTDAP","blue"
"KSR1","green"
"KTI12","turquoise"
"KTN1","turquoise"
"KXD1","brown"
"KYAT1","grey"
"KYAT3","grey"
"KYNU","pink"
"L1CAM","grey"
"L1CAM-AS1","blue"
"L2HGDH","turquoise"
"L3MBTL2","grey"
"L3MBTL3","turquoise"
"L3MBTL4","yellow"
"LACC1","blue"
"LACTB","grey"
"LACTB2","grey"
"LAD1","pink"
"LAG3","blue"
"LAGE3","blue"
"LAIR1","purple"
"LAMA1","grey"
"LAMA2","lightgreen"
"LAMA3","pink"
"LAMA4","turquoise"
"LAMA5","turquoise"
"LAMB1","black"
"LAMB2","black"
"LAMB3","pink"
"LAMC1","turquoise"
"LAMC2","pink"
"LAMC3","turquoise"
"LAMP1","grey"
"LAMP2","turquoise"
"LAMP3","grey"
"LAMP5","black"
"LAMTOR1","brown"
"LAMTOR3","turquoise"
"LAMTOR5","grey"
"LAMTOR5P1","turquoise"
"LANCL1","grey"
"LANCL2","grey"
"LANCL3","grey"
"LAP3","grey"
"LAPTM4A","blue"
"LAPTM4B","grey"
"LAPTM5","purple"
"LARGE1","grey"
"LARGE2","green"
"LARP1","turquoise"
"LARP1B","yellow"
"LARP4","turquoise"
"LARP4B","turquoise"
"LARP6","grey"
"LARP7","grey"
"LARS1","turquoise"
"LARS2","turquoise"
"LASP1","brown"
"LAT","grey"
"LATS2","grey"
"LAX1","red"
"LAYN","black"
"LBH","black"
"LBP","grey"
"LBR","turquoise"
"LBX1","blue"
"LBX2","blue"
"LCA5","turquoise"
"LCAL1","grey"
"LCAT","grey"
"LCE1A","blue"
"LCE1C","grey"
"LCE1D","blue"
"LCE1F","blue"
"LCE2B","grey"
"LCE2C","grey"
"LCE3A","blue"
"LCE3B","blue"
"LCE3C","blue"
"LCE5A","blue"
"LCK","red"
"LCLAT1","brown"
"LCMT1","grey"
"LCMT2","grey"
"LCN1","blue"
"LCN10","blue"
"LCN2","grey"
"LCN6","blue"
"LCNL1","blue"
"LCOR","grey"
"LCORL","grey"
"LCP1","purple"
"LCP2","red"
"LCT","salmon"
"LDAF1","turquoise"
"LDAH","turquoise"
"LDB1","brown"
"LDB2","grey"
"LDB3","blue"
"LDHA","pink"
"LDHB","grey"
"LDHD","turquoise"
"LDLR","grey"
"LDLRAD2","blue"
"LDLRAD3","grey60"
"LDLRAD4","lightgreen"
"LDLRAP1","green"
"LDOC1","grey"
"LEF1","black"
"LEFTY1","grey"
"LEFTY2","grey"
"LEMD1","grey"
"LEMD3","turquoise"
"LENG8","brown"
"LENG9","green"
"LEO1","turquoise"
"LEP","midnightblue"
"LEPR","grey"
"LEPROTL1","black"
"LETM2","grey"
"LETMD1","grey"
"LFNG","brown"
"LGALS1","brown"
"LGALS12","midnightblue"
"LGALS2","yellow"
"LGALS3","pink"
"LGALS3BP","brown"
"LGALS4","pink"
"LGALS7B","blue"
"LGALS8","grey"
"LGALS9","brown"
"LGALS9C","yellow"
"LGALSL","brown"
"LGI2","grey"
"LGI3","blue"
"LGI4","grey"
"LGMN","red"
"LGR4","yellow"
"LGR5","grey"
"LGR6","grey"
"LHB","grey"
"LHFPL2","grey"
"LHFPL4","blue"
"LHFPL5","green"
"LHFPL6","grey60"
"LHFPL7","grey"
"LHPP","brown"
"LHX1","blue"
"LHX2","blue"
"LHX3","blue"
"LHX5","blue"
"LHX6","blue"
"LIAS","grey"
"LIAT1","grey"
"LIF","grey"
"LIF-AS2","grey"
"LIFR","grey"
"LIG4","turquoise"
"LILRA1","grey"
"LILRA2","grey"
"LILRA3","grey"
"LILRA4","grey"
"LILRA5","grey"
"LILRA6","red"
"LILRB1","red"
"LILRB2","red"
"LILRB4","red"
"LILRB5","midnightblue"
"LILRP2","blue"
"LIM2","blue"
"LIMA1","black"
"LIMCH1","grey"
"LIMD1","grey"
"LIMD1-AS1","grey"
"LIMD2","grey"
"LIME1","blue"
"LIMK1","brown"
"LIMK2","grey"
"LIMS1","grey"
"LIMS2","grey"
"LIMS4","black"
"LIN37","turquoise"
"LIN52","grey"
"LIN7A","grey"
"LIN7B","blue"
"LIN7C","grey"
"LIN9","grey"
"LINC00029","blue"
"LINC00115","blue"
"LINC00173","blue"
"LINC00174","brown"
"LINC00260","grey"
"LINC00268","grey"
"LINC00310","grey"
"LINC00312","turquoise"
"LINC00313","grey"
"LINC00315","blue"
"LINC00319","blue"
"LINC00328","grey"
"LINC00334","blue"
"LINC00336","blue"
"LINC00339","yellow"
"LINC00467","grey"
"LINC00472","grey"
"LINC00477","blue"
"LINC00479","blue"
"LINC00528","grey"
"LINC00537","turquoise"
"LINC00597","grey"
"LINC00602","blue"
"LINC00649","grey"
"LINC00654","grey"
"LINC00661","blue"
"LINC00665","grey"
"LINC00671","green"
"LINC00680","grey"
"LINC00687","grey"
"LINC00839","blue"
"LINC00852","grey"
"LINC00885","grey"
"LINC00896","grey"
"LINC00917","grey"
"LINC00921","grey"
"LINC00937","blue"
"LINC00955","blue"
"LINC00965","grey"
"LINC00999","grey"
"LINC01000","brown"
"LINC01001","blue"
"LINC01002","grey"
"LINC01089","grey"
"LINC01106","turquoise"
"LINC01123","grey"
"LINC01124","blue"
"LINC01128","grey"
"LINC01140","grey"
"LINC01164","blue"
"LINC01165","grey"
"LINC01356","grey"
"LINC01465","blue"
"LINC01521","blue"
"LINC01558","brown"
"LINC01559","grey"
"LINC01560","turquoise"
"LINC01599","grey"
"LINC01711","grey"
"LINC01881","grey"
"LINC01949","brown"
"LINC01963","grey"
"LINC02076","blue"
"LINC02167","blue"
"LINC02198","blue"
"LINC02210","grey"
"LINC02210-CRHR1","brown"
"LINC02610","blue"
"LINC02687","blue"
"LINC02693","grey"
"LINC02716","blue"
"LINC02870","blue"
"LINC02872","blue"
"LINC02875","blue"
"LINC02893","grey"
"LINC02897","blue"
"LINC02899","grey"
"LINC02901","grey"
"LINC02905","yellow"
"LINC02939","blue"
"LINC02961","blue"
"LINC02983","blue"
"LINC03009","grey"
"LINC03030","grey"
"LINC03040","grey"
"LINC03106","grey"
"LINGO2","grey"
"LINGO3","blue"
"LINS1","grey"
"LIPA","purple"
"LIPC","grey"
"LIPE","midnightblue"
"LIPG","grey"
"LIPH","pink"
"LIPK","grey"
"LIPN","grey"
"LIPT2","turquoise"
"LIPT2-AS1","turquoise"
"LITAF","brown"
"LIX1L","grey"
"LKAAEAR1","blue"
"LLGL2","grey"
"LLPH","turquoise"
"LMAN1","grey"
"LMAN1L","blue"
"LMAN2","brown"
"LMAN2L","grey"
"LMBR1","blue"
"LMBR1L","grey"
"LMBRD1","yellow"
"LMBRD2","blue"
"LMCD1","grey"
"LMF1","brown"
"LMF2","green"
"LMLN","grey"
"LMNA","grey"
"LMNB1","turquoise"
"LMNB2","turquoise"
"LMNTD2","blue"
"LMNTD2-AS1","grey"
"LMO1","blue"
"LMO2","brown"
"LMO3","pink"
"LMO4","turquoise"
"LMO7","pink"
"LMOD1","grey"
"LMTK2","grey"
"LMTK3","blue"
"LMX1B","blue"
"LNCRI","blue"
"LNPEP","blue"
"LNPK","grey"
"LNX1","yellow"
"LNX2","lightcyan"
"LOC100128288","grey"
"LOC100129434","grey"
"LOC100129534","turquoise"
"LOC100130331","grey"
"LOC100130691","grey"
"LOC100131496","blue"
"LOC100132356","grey"
"LOC100132686","grey"
"LOC100133920","grey"
"LOC100134868","grey"
"LOC100287290","turquoise"
"LOC100287792","blue"
"LOC100288637","grey"
"LOC100289656","brown"
"LOC100419773","grey"
"LOC100505502","blue"
"LOC100506730","brown"
"LOC101928953","turquoise"
"LOC101928957","blue"
"LOC101930665","grey"
"LOC102723553","grey"
"LOC102723701","blue"
"LOC102724194","blue"
"LOC102724728","grey"
"LOC102724971","red"
"LOC105369183","blue"
"LOC105370686","blue"
"LOC105370792","grey"
"LOC105371114","grey"
"LOC105377139","blue"
"LOC105378085","grey"
"LOC107984035","brown"
"LOC107984399","blue"
"LOC107984974","grey"
"LOC107985946","blue"
"LOC107987020","blue"
"LOC148696","grey"
"LOC151760","grey"
"LOC162137","blue"
"LOC220077","blue"
"LOC284912","blue"
"LOC285097","yellow"
"LOC286359","blue"
"LOC344967","grey"
"LOC375196","blue"
"LOC388282","green"
"LOC389199","blue"
"LOC389834","grey"
"LOC399975","grey"
"LOC400464","grey"
"LOC400940","blue"
"LOC401261","turquoise"
"LOC401357","grey"
"LOC403312","blue"
"LOC407835","blue"
"LOC408186","grey"
"LOC440311","green"
"LOC440313","turquoise"
"LOC440570","blue"
"LOC441081","grey"
"LOC441239","blue"
"LOC442028","blue"
"LOC442132","grey"
"LOC613266","grey"
"LOC642846","grey"
"LOC644634","grey"
"LOC644936","turquoise"
"LOC646214","turquoise"
"LOC646358","turquoise"
"LOC646471","blue"
"LOC646903","brown"
"LOC646938","black"
"LOC652276","blue"
"LOC653653","purple"
"LOC654780","blue"
"LOC727751","brown"
"LOC728024","grey"
"LOC728138","turquoise"
"LOC728554","blue"
"LONRF1","brown"
"LONRF2","grey"
"LONRF3","grey"
"LOX","black"
"LOXL1","brown"
"LOXL2","black"
"LOXL3","black"
"LOXL4","grey"
"LPAL2","grey"
"LPAR1","grey"
"LPAR3","yellow"
"LPAR4","grey"
"LPAR5","turquoise"
"LPAR6","turquoise"
"LPCAT1","yellow"
"LPCAT2","pink"
"LPCAT3","grey"
"LPCAT4","pink"
"LPGAT1","grey"
"LPIN1","grey"
"LPIN2","grey"
"LPIN3","grey"
"LPL","midnightblue"
"LPP","brown"
"LPXN","red"
"LRAT","grey"
"LRATD1","grey"
"LRATD2","grey"
"LRBA","turquoise"
"LRCH1","black"
"LRCH2","turquoise"
"LRCH3","brown"
"LRFN1","blue"
"LRFN4","blue"
"LRFN5","grey"
"LRG1","grey"
"LRGUK","grey"
"LRIF1","grey"
"LRIG1","green"
"LRIG2","turquoise"
"LRIG3","grey"
"LRIT1","blue"
"LRMDA","grey"
"LRP1","black"
"LRP10","brown"
"LRP12","turquoise"
"LRP2BP","grey"
"LRP3","turquoise"
"LRP4","grey"
"LRP5","grey"
"LRP6","grey"
"LRP8","grey"
"LRPAP1","brown"
"LRPPRC","turquoise"
"LRRC1","grey"
"LRRC14B","blue"
"LRRC15","grey"
"LRRC17","grey"
"LRRC19","salmon"
"LRRC2","grey"
"LRRC20","blue"
"LRRC25","turquoise"
"LRRC26","blue"
"LRRC28","grey"
"LRRC3","blue"
"LRRC31","grey"
"LRRC32","brown"
"LRRC36","grey"
"LRRC37A","grey"
"LRRC37A2","grey"
"LRRC37B","brown"
"LRRC3B","blue"
"LRRC4","grey"
"LRRC40","turquoise"
"LRRC41","brown"
"LRRC47","grey"
"LRRC49","grey"
"LRRC4B","blue"
"LRRC55","blue"
"LRRC56","blue"
"LRRC58","brown"
"LRRC59","grey"
"LRRC61","turquoise"
"LRRC66","grey"
"LRRC69","grey"
"LRRC7","grey"
"LRRC70","turquoise"
"LRRC73","blue"
"LRRC75A","turquoise"
"LRRC75B","turquoise"
"LRRC8A","brown"
"LRRC8B","grey"
"LRRC8C","grey"
"LRRC8D","grey"
"LRRCC1","grey"
"LRRFIP1","yellow"
"LRRFIP2","blue"
"LRRIQ1","grey"
"LRRK1","brown"
"LRRK2","turquoise"
"LRRN1","grey"
"LRRN2","blue"
"LRRN3","grey"
"LRRN4","green"
"LRRN4CL","grey"
"LRRTM1","grey"
"LRRTM3","greenyellow"
"LRRTM4","grey"
"LRTM1","blue"
"LRTM2","blue"
"LRWD1","turquoise"
"LSAMP","grey"
"LSG1","blue"
"LSM1","turquoise"
"LSM12","brown"
"LSM14A","turquoise"
"LSM2","grey"
"LSM3","brown"
"LSM4","turquoise"
"LSM5","grey"
"LSM6","brown"
"LSM7","grey"
"LSM8","turquoise"
"LSMEM1","yellow"
"LSMEM2","blue"
"LSP1","red"
"LSP1P4","grey"
"LSP1P5","red"
"LSR","grey"
"LSS","grey"
"LST1","red"
"LTA","blue"
"LTA4H","grey"
"LTB","grey"
"LTBP1","turquoise"
"LTBP2","brown"
"LTBP3","grey"
"LTBP4","grey"
"LTBR","turquoise"
"LTC4S","blue"
"LTF","grey"
"LTN1","turquoise"
"LTV1","turquoise"
"LUC7L","turquoise"
"LUC7L3","turquoise"
"LUM","black"
"LURAP1","grey"
"LURAP1L","grey"
"LUZP1","black"
"LUZP2","grey"
"LUZP6","black"
"LVRN","grey"
"LXN","black"
"LY6D","grey"
"LY6E","brown"
"LY6G5B","grey"
"LY6G5C","blue"
"LY6G6C","grey"
"LY6G6E","blue"
"LY6G6F","grey"
"LY6H","blue"
"LY6K","blue"
"LY75-CD302","grey"
"LY86","purple"
"LY86-AS1","blue"
"LY9","red"
"LY96","red"
"LYAR","turquoise"
"LYL1","blue"
"LYN","grey"
"LYNX1-SLURP2","turquoise"
"LYPD1","grey"
"LYPD2","blue"
"LYPD3","grey"
"LYPD6","grey"
"LYPD6B","grey"
"LYPLA1","grey"
"LYPLA2","turquoise"
"LYPLA2P2","grey"
"LYPLAL1","turquoise"
"LYRM1","grey"
"LYRM2","grey"
"LYRM7","grey"
"LYRM9","brown"
"LYSMD2","blue"
"LYSMD3","grey"
"LYSMD4","grey"
"LYST","turquoise"
"LYVE1","tan"
"LYZ","grey"
"LZIC","turquoise"
"LZTFL1","grey"
"LZTS1","grey"
"LZTS2","turquoise"
"LZTS3","blue"
"M6PR","grey"
"MAB21L1","blue"
"MAB21L2","grey"
"MAB21L4","grey"
"MACC1","grey"
"MACF1","blue"
"MACIR","grey"
"MACO1","green"
"MACROD1","green"
"MACROH2A1","brown"
"MACROH2A2","grey"
"MAD2L1","magenta"
"MAD2L1BP","grey"
"MADCAM1","blue"
"MADD","brown"
"MAF","grey"
"MAFA","blue"
"MAFB","grey"
"MAFF","grey"
"MAFK","grey"
"MAGEA6","turquoise"
"MAGEB17","blue"
"MAGEB2","grey"
"MAGED1","brown"
"MAGED2","turquoise"
"MAGED4","grey"
"MAGEH1","grey"
"MAGEL2","grey"
"MAGI1","grey"
"MAGI2","grey"
"MAGI3","yellow"
"MAGIX","blue"
"MAGOH","turquoise"
"MAGOHB","turquoise"
"MAGT1","turquoise"
"MAK16","turquoise"
"MAL","grey"
"MAL2","pink"
"MALAT1","brown"
"MALL","pink"
"MALSU1","brown"
"MALT1","turquoise"
"MAMDC2","grey"
"MAMDC4","blue"
"MAML1","blue"
"MAML2","brown"
"MAML3","grey"
"MAMLD1","grey"
"MAMSTR","blue"
"MAN1A1","grey"
"MAN1A2","yellow"
"MAN1C1","grey"
"MAN2A1","grey"
"MAN2A2","green"
"MAN2B1","brown"
"MAN2B2","brown"
"MAN2C1","grey"
"MANBA","turquoise"
"MANBAL","brown"
"MANEA","grey"
"MANEAL","grey"
"MANF","grey"
"MANSC1","grey"
"MAOA","grey"
"MAOB","grey"
"MAP1A","black"
"MAP1B","grey"
"MAP1LC3A","turquoise"
"MAP1LC3B","grey"
"MAP1LC3B2","brown"
"MAP1LC3C","blue"
"MAP1S","turquoise"
"MAP2","greenyellow"
"MAP2K1","grey"
"MAP2K2","green"
"MAP2K3","grey"
"MAP2K4","turquoise"
"MAP2K5","turquoise"
"MAP2K6","grey"
"MAP2K7","turquoise"
"MAP3K1","grey"
"MAP3K10","blue"
"MAP3K11","brown"
"MAP3K12","black"
"MAP3K13","lightcyan"
"MAP3K14","grey"
"MAP3K14-AS1","blue"
"MAP3K15","greenyellow"
"MAP3K2","turquoise"
"MAP3K20","turquoise"
"MAP3K21","yellow"
"MAP3K3","grey"
"MAP3K4","turquoise"
"MAP3K4-AS1","blue"
"MAP3K5","yellow"
"MAP3K6","grey"
"MAP3K7","blue"
"MAP3K7CL","grey"
"MAP3K8","grey"
"MAP3K9","grey"
"MAP4","black"
"MAP4K1","red"
"MAP4K2","grey"
"MAP4K3","grey"
"MAP4K4","turquoise"
"MAP4K5","turquoise"
"MAP6D1","green"
"MAP7","lightcyan"
"MAP7D2","grey"
"MAP7D3","tan"
"MAPDA","grey"
"MAPK1","grey"
"MAPK10","grey"
"MAPK11","blue"
"MAPK13","grey"
"MAPK14","blue"
"MAPK15","blue"
"MAPK1IP1L","grey"
"MAPK3","brown"
"MAPK4","blue"
"MAPK6","turquoise"
"MAPK7","turquoise"
"MAPK8","blue"
"MAPK8IP1","green"
"MAPK8IP1P2","grey"
"MAPK8IP2","blue"
"MAPK9","yellow"
"MAPKAP1","turquoise"
"MAPKAPK2","grey"
"MAPKAPK3","grey"
"MAPKAPK5-AS1","turquoise"
"MAPRE1","turquoise"
"MAPRE2","grey"
"MAPRE3","grey"
"MAPT","grey"
"MAPT-AS1","blue"
"MARCHF1","purple"
"MARCHF2","grey"
"MARCHF3","brown"
"MARCHF4","grey"
"MARCHF5","turquoise"
"MARCHF7","grey"
"MARCHF8","brown"
"MARCKSL1","turquoise"
"MARCO","grey"
"MARF1","grey"
"MARK1","grey"
"MARK2","grey"
"MARK3","turquoise"
"MARS1","grey"
"MARVELD1","black"
"MARVELD2","lightcyan"
"MARVELD3","grey"
"MAST2","brown"
"MAST3","green"
"MAST4","grey"
"MASTL","grey"
"MAT1A","green"
"MAT2A","grey"
"MAT2B","turquoise"
"MATCAP1","grey"
"MATCAP2","grey"
"MATN1","blue"
"MATN2","grey"
"MATN3","grey"
"MATN4","blue"
"MATR3","turquoise"
"MAU2","brown"
"MAVS","brown"
"MAX","brown"
"MAZ","grey"
"MB21D2","grey"
"MBD3","turquoise"
"MBD4","grey"
"MBD5","grey"
"MBD6","brown"
"MBIP","grey"
"MBL1P","grey"
"MBLAC1","blue"
"MBLAC2","grey"
"MBNL1","red"
"MBNL2","grey"
"MBNL3","grey"
"MBOAT1","grey"
"MBOAT2","pink"
"MBOAT4","grey"
"MBOAT7","brown"
"MBP","grey"
"MBTD1","turquoise"
"MBTPS2","grey"
"MC1R","grey"
"MCAM","grey"
"MCAT","turquoise"
"MCC","grey"
"MCCC1","yellow"
"MCCC2","grey"
"MCCD1","blue"
"MCEE","yellow"
"MCEMP1","grey"
"MCF2L","grey"
"MCF2L2","greenyellow"
"MCFD2","green"
"MCL1","grey"
"MCM10","magenta"
"MCM2","magenta"
"MCM3","magenta"
"MCM3AP","turquoise"
"MCM4","magenta"
"MCM5","grey"
"MCM6","turquoise"
"MCM7","blue"
"MCM8","magenta"
"MCM9","turquoise"
"MCMBP","turquoise"
"MCOLN1","brown"
"MCOLN2","red"
"MCOLN3","yellow"
"MCRIP1","blue"
"MCRIP2","blue"
"MCRS1","brown"
"MCTP1","grey"
"MCTP2","grey"
"MCTS1","turquoise"
"MCU","pink"
"MCUB","turquoise"
"MCUR1","grey"
"MDFI","grey"
"MDGA1","grey"
"MDH1","turquoise"
"MDH1B","grey"
"MDH2","grey"
"MDK","grey"
"MDM1","turquoise"
"MDM2","grey"
"MDM4","grey"
"MDN1","turquoise"
"ME1","grey"
"ME2","turquoise"
"ME3","grey"
"MEA1","brown"
"MEAF6","grey"
"MEAK7","grey"
"MECOM","grey"
"MECP2","grey"
"MED1","brown"
"MED10","turquoise"
"MED12","brown"
"MED13","blue"
"MED13L","brown"
"MED14","brown"
"MED15","brown"
"MED16","brown"
"MED17","turquoise"
"MED21","brown"
"MED22","turquoise"
"MED23","grey"
"MED24","brown"
"MED25","turquoise"
"MED27","grey"
"MED28","grey"
"MED29","brown"
"MED31","brown"
"MED4","turquoise"
"MED6","turquoise"
"MED7","turquoise"
"MED8","blue"
"MEDAG","grey"
"MEF2A","black"
"MEF2C","grey"
"MEF2D","brown"
"MEFV","grey"
"MEG3","grey"
"MEGF6","turquoise"
"MEGF8","cyan"
"MEGF9","purple"
"MEIS1","grey"
"MEIS2","greenyellow"
"MEIS3","grey"
"MEIS3P1","brown"
"MELK","magenta"
"MELTF","grey"
"MEMO1","grey"
"MEN1","brown"
"MEOX1","grey"
"MEOX2","tan"
"MEP1A","salmon"
"MEP1B","salmon"
"MERTK","grey"
"MESD","turquoise"
"MESP1","blue"
"MESP2","blue"
"MEST","grey"
"MET","pink"
"METAP1","grey"
"METAP1D","green"
"METAP2","turquoise"
"METRN","blue"
"METRNL","turquoise"
"METTL1","grey"
"METTL13","grey"
"METTL14","grey"
"METTL15","blue"
"METTL16","turquoise"
"METTL18","grey"
"METTL23","grey"
"METTL24","grey"
"METTL25","grey"
"METTL25B","turquoise"
"METTL26","turquoise"
"METTL27","blue"
"METTL2A","turquoise"
"METTL2B","turquoise"
"METTL3","grey"
"METTL4","blue"
"METTL5","brown"
"METTL6","blue"
"METTL8","grey"
"MEX3C","grey"
"MEX3D","blue"
"MFAP1","turquoise"
"MFAP2","black"
"MFAP3","green"
"MFAP4","grey"
"MFAP5","black"
"MFF","grey"
"MFGE8","black"
"MFHAS1","grey"
"MFN1","turquoise"
"MFN2","grey"
"MFNG","red"
"MFSD1","turquoise"
"MFSD10","brown"
"MFSD11","blue"
"MFSD12","turquoise"
"MFSD14A","turquoise"
"MFSD14B","black"
"MFSD2A","grey"
"MFSD2B","blue"
"MFSD3","turquoise"
"MFSD4A","grey"
"MFSD4B","turquoise"
"MFSD5","brown"
"MFSD6","grey"
"MFSD6L","green"
"MFSD8","grey"
"MFSD9","grey"
"MGA","blue"
"MGAM","salmon"
"MGAM2","yellow"
"MGARP","grey"
"MGAT1","grey"
"MGAT2","grey"
"MGAT3","turquoise"
"MGAT4A","grey"
"MGAT4B","pink"
"MGAT5","turquoise"
"MGC34796","blue"
"MGC70870","grey"
"MGLL","yellow"
"MGME1","turquoise"
"MGP","grey"
"MGRN1","turquoise"
"MGST1","brown"
"MGST2","turquoise"
"MGST3","brown"
"MIA","grey"
"MIA2","grey"
"MIA3","yellow"
"MIB1","turquoise"
"MIB2","blue"
"MICA","grey"
"MICAL1","red"
"MICAL2","pink"
"MICALL1","grey"
"MICALL2","grey"
"MICOS10","turquoise"
"MICU1","pink"
"MICU2","turquoise"
"MICU3","turquoise"
"MID1","grey"
"MID1IP1","green"
"MID2","grey"
"MIDEAS","brown"
"MIDN","turquoise"
"MIEF2","blue"
"MIEN1","brown"
"MIER1","turquoise"
"MIER2","grey"
"MIER3","grey"
"MIF","grey"
"MIF4GD","grey"
"MIGA1","turquoise"
"MILR1","grey"
"MINAR1","green"
"MINDY1","brown"
"MINDY2","turquoise"
"MINDY3","turquoise"
"MINDY4","grey"
"MINK1","brown"
"MINPP1","turquoise"
"MIOS","grey"
"MIOX","blue"
"MIPEP","turquoise"
"MIPOL1","grey"
"MIR1-1HG","blue"
"MIR103A2","turquoise"
"MIR105-1","grey"
"MIR106B","blue"
"MIR107","grey"
"MIR1199","blue"
"MIR124-2","blue"
"MIR124-3","blue"
"MIR1247","grey"
"MIR125B1","grey"
"MIR127","grey"
"MIR128-2","grey"
"MIR129-2","grey"
"MIR132","blue"
"MIR133A1","blue"
"MIR133B","blue"
"MIR134","grey"
"MIR138-2","blue"
"MIR140","brown"
"MIR142","grey"
"MIR143","grey"
"MIR145","grey"
"MIR147A","brown"
"MIR148B","turquoise"
"MIR149","blue"
"MIR150","blue"
"MIR152","blue"
"MIR153-2","grey"
"MIR154","grey"
"MIR155HG","grey"
"MIR15A","grey"
"MIR17HG","grey"
"MIR181A2","grey"
"MIR181C","grey"
"MIR182","grey"
"MIR185","blue"
"MIR186","grey"
"MIR187","blue"
"MIR188","blue"
"MIR191","blue"
"MIR1915HG","blue"
"MIR192","grey"
"MIR193A","blue"
"MIR194-2","grey"
"MIR196A1","grey"
"MIR197","brown"
"MIR199A2","grey"
"MIR200C","brown"
"MIR202","turquoise"
"MIR205","grey"
"MIR21","grey"
"MIR210","blue"
"MIR211","grey"
"MIR212","blue"
"MIR214","grey"
"MIR216A","grey"
"MIR217","yellow"
"MIR218-1","grey"
"MIR218-2","grey"
"MIR219A1","blue"
"MIR221","grey"
"MIR222","grey"
"MIR223","grey"
"MIR224","grey"
"MIR22HG","grey"
"MIR23A","grey"
"MIR23B","grey"
"MIR24-1","grey"
"MIR24-2","grey"
"MIR25","blue"
"MIR27A","grey"
"MIR27B","grey"
"MIR296","blue"
"MIR299","grey"
"MIR29B2","turquoise"
"MIR29C","turquoise"
"MIR30C2","grey"
"MIR30E","grey"
"MIR31","grey"
"MIR31HG","grey"
"MIR32","grey"
"MIR320A","blue"
"MIR323A","grey"
"MIR323B","grey"
"MIR326","blue"
"MIR330","grey"
"MIR331","grey"
"MIR339","blue"
"MIR34AHG","turquoise"
"MIR365A","turquoise"
"MIR3667HG","grey"
"MIR375","blue"
"MIR382","grey"
"MIR412","brown"
"MIR423","blue"
"MIR425","blue"
"MIR487A","grey"
"MIR492","pink"
"MIR494","grey"
"MIR503","grey"
"MIR503HG","turquoise"
"MIR504","grey"
"MIR5195","red"
"MIR520B","grey"
"MIR570HG","grey"
"MIR600HG","grey"
"MIR622","lightcyan"
"MIR646HG","grey"
"MIR7-3HG","greenyellow"
"MIR9-3","blue"
"MIR98","brown"
"MIR99A","grey"
"MIR99AHG","lightgreen"
"MIR99B","blue"
"MIRLET7A2","grey"
"MIRLET7D","turquoise"
"MIRLET7F1","brown"
"MIRLET7F2","grey"
"MIRLET7G","grey"
"MIRLET7I","blue"
"MIS12","turquoise"
"MIS18A","turquoise"
"MIS18BP1","blue"
"MISP","pink"
"MITD1","turquoise"
"MITF","grey"
"MIX23","grey"
"MIXL1","blue"
"MKI67","magenta"
"MKKS","turquoise"
"MKLN1","turquoise"
"MKNK1","green"
"MKNK2","turquoise"
"MKRN1","turquoise"
"MKS1","grey"
"MKX","grey"
"MLEC","grey"
"MLF1","brown"
"MLF2","turquoise"
"MLH1","grey"
"MLH3","turquoise"
"MLIP","grey"
"MLKL","grey"
"MLLT1","brown"
"MLLT10","grey"
"MLLT11","black"
"MLLT3","brown"
"MLLT6","turquoise"
"MLNR","blue"
"MLPH","pink"
"MLST8","turquoise"
"MLX","brown"
"MLXIP","brown"
"MLXIPL","grey"
"MLYCD","yellow"
"MMAA","turquoise"
"MMAB","brown"
"MMACHC","brown"
"MMADHC","turquoise"
"MMD","grey"
"MME","grey"
"MMGT1","grey"
"MMP1","grey"
"MMP10","grey"
"MMP11","black"
"MMP12","magenta"
"MMP13","grey"
"MMP14","black"
"MMP15","grey"
"MMP16","grey"
"MMP17","blue"
"MMP19","grey"
"MMP2","black"
"MMP23B","turquoise"
"MMP24","grey"
"MMP25","blue"
"MMP28","grey"
"MMP3","grey"
"MMP7","grey"
"MMP8","grey"
"MMP9","grey"
"MMRN1","grey"
"MMRN2","tan"
"MMS19","grey"
"MMS22L","turquoise"
"MMUT","grey"
"MN1","grey"
"MNAT1","brown"
"MND1","magenta"
"MNDA","grey"
"MNS1","grey"
"MNT","turquoise"
"MNX1","blue"
"MOB1A","turquoise"
"MOB1B","grey"
"MOB3A","red"
"MOB3B","grey"
"MOB3C","turquoise"
"MOB4","grey"
"MOCOS","grey"
"MOCS1","turquoise"
"MOCS2","grey"
"MOG","grey"
"MOGAT1","grey"
"MOGAT2","salmon"
"MOGAT3","salmon"
"MOGS","brown"
"MOK","grey"
"MON2","turquoise"
"MORC2","grey"
"MORC3","turquoise"
"MORC4","grey"
"MORF4L1","turquoise"
"MORF4L2","turquoise"
"MORN2","grey"
"MORN4","grey"
"MORN5","blue"
"MOS","blue"
"MOSMO","grey"
"MOSPD1","grey"
"MOSPD2","grey"
"MOSPD3","turquoise"
"MOV10","brown"
"MOXD1","black"
"MPC1","grey"
"MPC2","grey"
"MPDU1","brown"
"MPDZ","turquoise"
"MPEG1","red"
"MPHOSPH10","turquoise"
"MPHOSPH6","turquoise"
"MPHOSPH8","turquoise"
"MPHOSPH9","blue"
"MPI","brown"
"MPIG6B","grey"
"MPLKIP","cyan"
"MPND","green"
"MPP1","grey"
"MPP3","grey"
"MPP7","yellow"
"MPPE1","grey"
"MPPED1","blue"
"MPPED2","grey"
"MPRIP","grey"
"MPST","blue"
"MPV17","brown"
"MPV17L","green"
"MPV17L2","brown"
"MPZ","grey"
"MPZL1","black"
"MPZL2","brown"
"MPZL3","grey"
"MR1","black"
"MRAP2","greenyellow"
"MRAS","grey"
"MRC1","purple"
"MRC2","brown"
"MRE11","turquoise"
"MREG","turquoise"
"MRFAP1","turquoise"
"MRFAP1L1","turquoise"
"MRFAP1L2","brown"
"MRGBP","pink"
"MRGPRD","grey"
"MRGPRE","blue"
"MRGPRF","grey"
"MRI1","brown"
"MRM2","turquoise"
"MRM3","yellow"
"MRNIP","grey"
"MROH1","turquoise"
"MROH6","grey"
"MROH9","grey"
"MRPL1","turquoise"
"MRPL10","grey"
"MRPL11","blue"
"MRPL14","grey"
"MRPL15","grey"
"MRPL17","brown"
"MRPL18","turquoise"
"MRPL19","turquoise"
"MRPL2","turquoise"
"MRPL21","grey"
"MRPL23","blue"
"MRPL24","turquoise"
"MRPL28","brown"
"MRPL3","turquoise"
"MRPL30","grey"
"MRPL33","grey"
"MRPL34","turquoise"
"MRPL35","grey"
"MRPL36","grey"
"MRPL37","brown"
"MRPL39","grey"
"MRPL4","turquoise"
"MRPL40","brown"
"MRPL41","turquoise"
"MRPL42","turquoise"
"MRPL43","grey"
"MRPL44","turquoise"
"MRPL45","grey"
"MRPL46","grey"
"MRPL47","grey"
"MRPL49","brown"
"MRPL50","grey"
"MRPL51","brown"
"MRPL53","brown"
"MRPL54","blue"
"MRPL57","turquoise"
"MRPL58","grey"
"MRPL9","grey"
"MRPS10","turquoise"
"MRPS11","brown"
"MRPS12","grey"
"MRPS14","brown"
"MRPS15","brown"
"MRPS16","turquoise"
"MRPS17","grey"
"MRPS18A","brown"
"MRPS18B","grey"
"MRPS18C","turquoise"
"MRPS2","brown"
"MRPS21","brown"
"MRPS22","turquoise"
"MRPS23","grey"
"MRPS25","grey"
"MRPS28","turquoise"
"MRPS30","grey"
"MRPS31","turquoise"
"MRPS31P5","turquoise"
"MRPS33","turquoise"
"MRPS34","turquoise"
"MRPS35","turquoise"
"MRPS5","grey"
"MRPS7","grey"
"MRPS9","turquoise"
"MRS2","yellow"
"MRTFA","grey"
"MRTFB","grey"
"MRTO4","grey"
"MS4A1","red"
"MS4A10","salmon"
"MS4A14","purple"
"MS4A2","grey"
"MS4A4A","purple"
"MS4A6A","purple"
"MS4A8","grey"
"MSANTD1","blue"
"MSANTD3","turquoise"
"MSANTD3-TMEFF1","turquoise"
"MSANTD4","turquoise"
"MSC","grey"
"MSH2","turquoise"
"MSH3","turquoise"
"MSH5","brown"
"MSH6","turquoise"
"MSI1","grey"
"MSI2","grey"
"MSL1","grey"
"MSL2","brown"
"MSL3","turquoise"
"MSL3B","grey"
"MSLN","pink"
"MSMB","grey"
"MSMO1","brown"
"MSN","black"
"MSR1","purple"
"MSRA","grey"
"MSRB1","green"
"MSRB2","blue"
"MSRB3","turquoise"
"MST1","grey"
"MST1L","green"
"MST1P2","grey"
"MST1R","pink"
"MSTO1","brown"
"MSX1","blue"
"MSX2","grey"
"MSX2P1","blue"
"MT1A","grey"
"MT1B","grey"
"MT1DP","grey"
"MT1E","grey"
"MT1F","green"
"MT1G","grey"
"MT1H","grey"
"MT1HL1","grey"
"MT1IP","grey"
"MT1JP","grey"
"MT1L","grey"
"MT1M","grey"
"MT1P3","grey"
"MT1X","grey"
"MT2A","grey"
"MT4","grey"
"MTA1","brown"
"MTA2","black"
"MTA3","brown"
"MTAP","turquoise"
"MTARC1","grey"
"MTARC2","grey"
"MTBP","magenta"
"MTCH1","brown"
"MTCH2","blue"
"MTCL1","grey"
"MTCL3","greenyellow"
"MTDH","grey"
"MTERF1","turquoise"
"MTERF2","grey"
"MTERF3","turquoise"
"MTERF4","grey"
"MTF1","brown"
"MTF2","turquoise"
"MTFMT","blue"
"MTFP1","grey"
"MTFR1","grey"
"MTFR1L","grey"
"MTFR2","magenta"
"MTHFD1","grey"
"MTHFD1L","turquoise"
"MTHFD2","grey"
"MTHFD2L","grey"
"MTHFR","turquoise"
"MTHFS","grey"
"MTIF2","turquoise"
"MTIF3","grey"
"MTLN","grey"
"MTM1","turquoise"
"MTMR1","grey"
"MTMR10","grey"
"MTMR11","pink"
"MTMR12","yellow"
"MTMR14","purple"
"MTMR2","turquoise"
"MTMR3","turquoise"
"MTMR4","grey"
"MTMR6","turquoise"
"MTMR7","greenyellow"
"MTMR9","blue"
"MTMR9LP","turquoise"
"MTNAP1","turquoise"
"MTND1P23","cyan"
"MTND2P28","grey"
"MTNR1A","grey"
"MTO1","blue"
"MTOR","brown"
"MTR","grey"
"MTRES1","turquoise"
"MTREX","turquoise"
"MTRF1","grey"
"MTRF1L","turquoise"
"MTSS1","grey"
"MTSS2","turquoise"
"MTTP","salmon"
"MTURN","grey"
"MTUS1","yellow"
"MTUS2","greenyellow"
"MTX1","turquoise"
"MTX2","grey"
"MTX3","turquoise"
"MUC1","pink"
"MUC12","grey"
"MUC13","pink"
"MUC15","yellow"
"MUC16","grey"
"MUC17","grey"
"MUC2","grey"
"MUC20","grey"
"MUC21","grey"
"MUC3B","pink"
"MUC4","grey"
"MUC5B","grey"
"MUC6","grey"
"MUCL1","grey"
"MUCL3","grey"
"MUSK","grey"
"MVB12A","blue"
"MVB12B","grey"
"MVD","turquoise"
"MVK","grey"
"MVP","pink"
"MX1","grey"
"MX2","grey"
"MXD1","brown"
"MXD3","turquoise"
"MXD4","turquoise"
"MXI1","grey"
"MXRA5","black"
"MXRA7","brown"
"MXRA8","grey"
"MYADM","brown"
"MYADML","blue"
"MYB","grey"
"MYBBP1A","turquoise"
"MYBL1","red"
"MYBL2","grey"
"MYBPC1","grey"
"MYBPC2","grey"
"MYBPC3","blue"
"MYC","grey"
"MYCBP","turquoise"
"MYCBP2","grey"
"MYCL","black"
"MYCN","grey"
"MYCNOS","grey"
"MYCT1","tan"
"MYD88","brown"
"MYDGF","grey"
"MYEF2","yellow"
"MYEOV","pink"
"MYG1","brown"
"MYH10","turquoise"
"MYH11","grey"
"MYH14","pink"
"MYH9","black"
"MYL11","blue"
"MYL12A","black"
"MYL12B","brown"
"MYL6","black"
"MYL6B","brown"
"MYL9","grey"
"MYLIP","grey"
"MYLK","black"
"MYLK2","green"
"MYNN","turquoise"
"MYO10","lightcyan"
"MYO15B","turquoise"
"MYO18A","grey"
"MYO19","pink"
"MYO1A","grey"
"MYO1B","grey"
"MYO1C","brown"
"MYO1D","grey"
"MYO1E","turquoise"
"MYO1F","red"
"MYO1G","red"
"MYO3A","greenyellow"
"MYO5A","purple"
"MYO5B","lightcyan"
"MYO5C","lightcyan"
"MYO6","grey"
"MYO7B","grey"
"MYO9A","turquoise"
"MYO9B","brown"
"MYOC","grey"
"MYOCD","grey"
"MYOD1","blue"
"MYOF","pink"
"MYOM1","yellow"
"MYORG","turquoise"
"MYOZ3","blue"
"MYPN","grey"
"MYPOP","blue"
"MYRF","pink"
"MYRFL","salmon"
"MYRIP","green"
"MYSM1","blue"
"MYT1L","greenyellow"
"MZB1","red"
"MZF1","turquoise"
"MZT2A","brown"
"MZT2B","blue"
"N4BP1","turquoise"
"N4BP2","yellow"
"N4BP2L1","turquoise"
"N4BP2L2","grey"
"N4BP3","blue"
"NAA10","grey"
"NAA11","blue"
"NAA15","turquoise"
"NAA16","yellow"
"NAA20","turquoise"
"NAA25","turquoise"
"NAA30","brown"
"NAA35","turquoise"
"NAA38","brown"
"NAA40","grey"
"NAA50","grey"
"NAA60","brown"
"NAAA","grey"
"NAALAD2","grey"
"NAALADL2","grey"
"NAB1","turquoise"
"NAB2","turquoise"
"NABP1","grey"
"NABP2","grey"
"NACC1","turquoise"
"NACC2","turquoise"
"NADK","grey"
"NADK2","yellow"
"NADSYN1","grey"
"NAE1","turquoise"
"NAF1","grey"
"NAGA","black"
"NAGK","brown"
"NAGS","blue"
"NAIP","grey"
"NALCN","grey"
"NALF2","blue"
"NAMPT","turquoise"
"NANOG","green"
"NANOS1","blue"
"NANOS2","blue"
"NANP","brown"
"NANS","grey"
"NAP1L1","turquoise"
"NAP1L2","turquoise"
"NAP1L3","turquoise"
"NAP1L4","turquoise"
"NAP1L5","turquoise"
"NAPA","brown"
"NAPB","turquoise"
"NAPEPLD","pink"
"NAPG","turquoise"
"NAPRT","turquoise"
"NAPSB","grey"
"NARS1","turquoise"
"NARS2","grey"
"NASP","turquoise"
"NAT10","grey"
"NAT14","grey"
"NAT8B","salmon"
"NAT8L","blue"
"NAT9","grey"
"NATD1","blue"
"NAV1","brown"
"NAV2","grey"
"NAV3","lightgreen"
"NAXE","grey"
"NBEA","grey"
"NBEAL2","brown"
"NBL1","black"
"NBN","turquoise"
"NBPF22P","blue"
"NBPF8","grey"
"NBPF9","turquoise"
"NBR1","grey"
"NBR2","brown"
"NCALD","grey"
"NCAM1","grey"
"NCAM2","grey"
"NCAN","blue"
"NCAPD2","grey"
"NCAPD3","magenta"
"NCAPG","magenta"
"NCAPG2","turquoise"
"NCAPH","magenta"
"NCBP1","blue"
"NCBP2","turquoise"
"NCBP3","turquoise"
"NCCRP1","blue"
"NCDN","turquoise"
"NCEH1","grey"
"NCF1","grey"
"NCF1B","red"
"NCF2","purple"
"NCF4","red"
"NCK1","turquoise"
"NCK2","brown"
"NCKAP1","grey"
"NCKAP1L","purple"
"NCKAP5","grey"
"NCL","turquoise"
"NCLN","turquoise"
"NCMAP","yellow"
"NCOA1","grey"
"NCOA2","brown"
"NCOA3","grey"
"NCOA4","grey"
"NCOA5","grey"
"NCOA6","grey"
"NCOA7","grey"
"NCOR1P1","grey"
"NCOR2","brown"
"NCR2","blue"
"NCR3","grey"
"NCR3LG1","grey"
"NCS1","brown"
"NCSTN","brown"
"NDC1","magenta"
"NDC80","magenta"
"NDE1","black"
"NDEL1","grey"
"NDFIP2","grey"
"NDNF","grey"
"NDOR1","turquoise"
"NDP","grey"
"NDRG1","brown"
"NDRG2","grey"
"NDRG3","brown"
"NDRG4","blue"
"NDST1","brown"
"NDST2","brown"
"NDUFA1","grey"
"NDUFA12","brown"
"NDUFA2","brown"
"NDUFA3","brown"
"NDUFA4","turquoise"
"NDUFA4L2","turquoise"
"NDUFA5","turquoise"
"NDUFA6","brown"
"NDUFA7","turquoise"
"NDUFA8","turquoise"
"NDUFA9","blue"
"NDUFAB1","turquoise"
"NDUFAF1","turquoise"
"NDUFAF3","brown"
"NDUFAF4","grey"
"NDUFAF5","turquoise"
"NDUFAF7","turquoise"
"NDUFB1","grey"
"NDUFB10","grey"
"NDUFB11","brown"
"NDUFB2","cyan"
"NDUFB3","grey"
"NDUFB4","brown"
"NDUFB5","grey"
"NDUFB6","grey"
"NDUFB7","blue"
"NDUFB8","brown"
"NDUFB9","grey"
"NDUFC1","turquoise"
"NDUFC2-KCTD14","grey"
"NDUFS1","turquoise"
"NDUFS2","turquoise"
"NDUFS4","brown"
"NDUFS5","grey"
"NDUFS6","brown"
"NDUFS7","brown"
"NDUFV2","grey"
"NDUFV3","grey"
"NEB","grey"
"NEBL","grey"
"NECAB2","grey"
"NECAB3","turquoise"
"NECAP1","brown"
"NECAP2","brown"
"NECTIN1","grey"
"NECTIN2","brown"
"NECTIN3","grey"
"NECTIN4","pink"
"NEDD1","turquoise"
"NEDD4","grey"
"NEDD4L","lightcyan"
"NEDD8-MDP1","grey"
"NEDD9","grey"
"NEFM","grey"
"NEGR1","tan"
"NEIL1","turquoise"
"NEIL3","magenta"
"NEK1","turquoise"
"NEK11","turquoise"
"NEK2","magenta"
"NEK3","blue"
"NEK4","turquoise"
"NEK6","black"
"NEK7","turquoise"
"NEK9","turquoise"
"NELFA","turquoise"
"NELFB","brown"
"NELFCD","grey"
"NELFE","grey"
"NELL2","red"
"NEMF","turquoise"
"NEMP1","grey"
"NEMP2","grey"
"NENF","grey"
"NEO1","grey"
"NEPRO","turquoise"
"NES","grey"
"NET1","pink"
"NETO1","grey"
"NETO2","grey"
"NEU1","pink"
"NEU2","blue"
"NEU4","blue"
"NEURL1","green"
"NEUROD1","greenyellow"
"NEUROD2","grey"
"NEUROG1","blue"
"NEUROG2","blue"
"NEUROG3","blue"
"NEXMIF","grey"
"NEXN","grey"
"NEXN-AS1","blue"
"NF1","grey"
"NFAM1","red"
"NFASC","grey"
"NFAT5","brown"
"NFATC1","grey"
"NFATC2","grey"
"NFATC2IP","grey"
"NFATC3","brown"
"NFATC4","grey"
"NFE2L1","brown"
"NFE2L2","grey"
"NFE2L3","grey"
"NFE4","grey"
"NFIA","grey"
"NFIB","grey"
"NFIC","green"
"NFIL3","grey"
"NFIX","grey60"
"NFKB1","grey"
"NFKB2","grey"
"NFKBIA","grey"
"NFKBIB","turquoise"
"NFKBID","grey"
"NFKBIE","grey"
"NFKBIL1","turquoise"
"NFKBIZ","grey"
"NFX1","turquoise"
"NFXL1","turquoise"
"NFYA","grey"
"NFYB","turquoise"
"NFYC","brown"
"NFYC-AS1","blue"
"NGDN","turquoise"
"NGEF","grey"
"NGFR","grey"
"NGLY1","turquoise"
"NHERF1","grey"
"NHERF2","grey"
"NHERF4","grey"
"NHLRC2","grey"
"NHLRC3","turquoise"
"NHS","grey"
"NHSL1","grey"
"NHSL3","grey"
"NIBAN1","yellow"
"NIBAN2","grey"
"NIBAN3","grey"
"NID1","black"
"NID2","black"
"NIF3L1","brown"
"NIFK","grey"
"NIN","purple"
"NINJ1","turquoise"
"NINJ2-AS1","grey"
"NIP7","grey"
"NIPA1","grey"
"NIPA2","turquoise"
"NIPAL1","grey"
"NIPAL2","brown"
"NIPAL3","grey"
"NIPAL4","blue"
"NIPBL","turquoise"
"NIPSNAP1","brown"
"NIPSNAP2","brown"
"NIPSNAP3A","turquoise"
"NIPSNAP3B","grey"
"NISCH","grey"
"NIT1","grey"
"NIT2","brown"
"NKAIN1","blue"
"NKAIN2","grey"
"NKAIN3","grey"
"NKAIN4","blue"
"NKAP","grey"
"NKAPD1","blue"
"NKAPP1","grey"
"NKD1","grey"
"NKD2","turquoise"
"NKG7","red"
"NKIRAS1","turquoise"
"NKIRAS2","brown"
"NKPD1","blue"
"NKRF","grey"
"NKTR","grey"
"NKX1-2","blue"
"NKX2-1-AS1","blue"
"NKX2-2","greenyellow"
"NKX2-4","blue"
"NKX2-5","blue"
"NKX2-6","blue"
"NKX2-8","blue"
"NKX3-1","blue"
"NKX3-2","blue"
"NKX6-1","blue"
"NKX6-2","blue"
"NKX6-3","blue"
"NLE1","blue"
"NLGN1","grey"
"NLGN2","grey"
"NLGN4X","grey"
"NLGN4Y","grey"
"NLK","grey"
"NLN","grey"
"NLRC3","grey"
"NLRC4","grey"
"NLRC5","red"
"NLRP1","red"
"NLRP2","grey"
"NLRP3","grey"
"NLRP6","grey"
"NMB","blue"
"NMD3","turquoise"
"NME1","grey"
"NME2","turquoise"
"NME3","blue"
"NME4","turquoise"
"NME5","grey"
"NME6","brown"
"NME7","turquoise"
"NMI","grey"
"NMNAT2","grey"
"NMNAT3","green"
"NMRAL2P","grey"
"NMRK1","yellow"
"NMT1","grey"
"NMT2","turquoise"
"NMU","grey"
"NMUR1","green"
"NMUR2","grey"
"NNAT","midnightblue"
"NNMT","black"
"NNT","turquoise"
"NOA1","green"
"NOB1","brown"
"NOC2L","grey"
"NOC3L","turquoise"
"NOC4L","turquoise"
"NOCT","grey"
"NOD1","green"
"NOD2","grey"
"NOG","grey"
"NOL10","turquoise"
"NOL11","blue"
"NOL3","blue"
"NOL4","greenyellow"
"NOL4L","grey"
"NOL6","grey"
"NOL8","turquoise"
"NOL9","grey"
"NOLC1","grey"
"NOM1","turquoise"
"NOMO1","green"
"NOP10","brown"
"NOP14","grey"
"NOP16","brown"
"NOP2","grey"
"NOP53","green"
"NOP56","brown"
"NOP58","turquoise"
"NOP9","cyan"
"NOPCHAP1","yellow"
"NOS1","green"
"NOS1AP","grey"
"NOS2","grey"
"NOS3","midnightblue"
"NOSIP","grey"
"NOSTRIN","grey"
"NOTCH1","brown"
"NOTCH2","grey"
"NOTCH2NLA","grey"
"NOTCH3","brown"
"NOTCH4","midnightblue"
"NOTUM","grey"
"NOVA1","grey"
"NOVA2","blue"
"NOX1","grey"
"NOX4","black"
"NOXA1","blue"
"NOXO1","blue"
"NPAP1","blue"
"NPAP1P9","grey"
"NPAS1","blue"
"NPAS2","pink"
"NPAS4","grey"
"NPAT","turquoise"
"NPB","blue"
"NPBWR1","blue"
"NPC1","pink"
"NPC1L1","grey"
"NPC2","blue"
"NPDC1","turquoise"
"NPEPL1","turquoise"
"NPEPPS","turquoise"
"NPFF","grey"
"NPFFR1","blue"
"NPHP3","grey"
"NPHS1","green"
"NPIPA3","brown"
"NPIPB5","brown"
"NPL","purple"
"NPLOC4","brown"
"NPM1","brown"
"NPM2","blue"
"NPM3","turquoise"
"NPNT","grey"
"NPPB","blue"
"NPPC","blue"
"NPR1","midnightblue"
"NPR2","grey"
"NPR3","grey"
"NPRL2","grey"
"NPSR1","grey"
"NPTN","grey"
"NPTX1","grey"
"NPTX2","grey"
"NPTXR","blue"
"NPW","blue"
"NPY","grey"
"NPY1R","grey"
"NPY4R","grey"
"NPY5R","grey"
"NPY6R","salmon"
"NQO1","pink"
"NQO2","brown"
"NR0B2","green"
"NR1D1","grey"
"NR1D2","grey"
"NR1H2","turquoise"
"NR1H3","grey"
"NR1H4","grey"
"NR1I2","grey"
"NR2C1","grey"
"NR2C2","brown"
"NR2F1","grey"
"NR2F2","grey"
"NR2F6","turquoise"
"NR3C1","turquoise"
"NR3C2","grey"
"NR4A1","grey"
"NR4A2","grey"
"NR4A3","grey"
"NR5A1","blue"
"NR5A2","yellow"
"NR6A1","yellow"
"NRARP","grey"
"NRBF2","grey"
"NRBP1","brown"
"NRBP2","turquoise"
"NRCAM","yellow"
"NRDC","turquoise"
"NRDE2","turquoise"
"NREP","black"
"NRG1","grey"
"NRG2","turquoise"
"NRG3","grey"
"NRG4","yellow"
"NRGN","blue"
"NRIP1","grey"
"NRIP3","grey"
"NRK","grey"
"NRL","turquoise"
"NRM","turquoise"
"NRN1","tan"
"NRP1","grey"
"NRP2","pink"
"NRROS","red"
"NRSN2","brown"
"NRTN","blue"
"NRXN1","greenyellow"
"NRXN2","turquoise"
"NRXN3","grey"
"NSA2","grey"
"NSD2","grey"
"NSD3","turquoise"
"NSDHL","brown"
"NSF","grey"
"NSFL1C","brown"
"NSG2","grey"
"NSL1","brown"
"NSMAF","blue"
"NSMCE1","turquoise"
"NSMCE2","turquoise"
"NSMCE4A","grey"
"NSMF","turquoise"
"NSRP1","grey"
"NSUN2","turquoise"
"NSUN3","turquoise"
"NSUN4","grey"
"NSUN5","brown"
"NSUN5P1","grey"
"NSUN6","yellow"
"NSUN7","yellow"
"NT5C","blue"
"NT5C1A","blue"
"NT5C2","pink"
"NT5C3A","grey"
"NT5C3B","grey"
"NT5DC1","grey"
"NT5DC2","brown"
"NT5DC3","grey"
"NT5E","green"
"NT5M","blue"
"NTAN1","turquoise"
"NTAQ1","turquoise"
"NTF4","grey"
"NTHL1","grey"
"NTM","black"
"NTM-AS1","blue"
"NTMT1","grey"
"NTN1","blue"
"NTN3","blue"
"NTN4","yellow"
"NTN5","blue"
"NTNG1","grey"
"NTNG2","turquoise"
"NTPCR","grey"
"NTRK2","pink"
"NTRK3","grey"
"NTS","grey"
"NTSR1","grey"
"NUAK1","black"
"NUAK2","grey"
"NUB1","turquoise"
"NUBP1","turquoise"
"NUBPL","turquoise"
"NUCB1","brown"
"NUCB2","yellow"
"NUCKS1","turquoise"
"NUDC","grey"
"NUDCD1","turquoise"
"NUDCD2","turquoise"
"NUDT11","grey"
"NUDT12","turquoise"
"NUDT14","grey"
"NUDT16","blue"
"NUDT16L1","turquoise"
"NUDT16L2P","turquoise"
"NUDT18","blue"
"NUDT2","grey"
"NUDT21","turquoise"
"NUDT4","grey"
"NUDT5","brown"
"NUDT7","grey"
"NUDT8","blue"
"NUDT9","yellow"
"NUF2","magenta"
"NUFIP1","grey"
"NUFIP2","turquoise"
"NUGGC","grey"
"NUMBL","turquoise"
"NUP107","turquoise"
"NUP133","turquoise"
"NUP153","grey"
"NUP155","blue"
"NUP160","turquoise"
"NUP188","black"
"NUP205","turquoise"
"NUP210","grey"
"NUP214","brown"
"NUP35","grey"
"NUP37","turquoise"
"NUP42","grey"
"NUP43","grey"
"NUP50","brown"
"NUP54","turquoise"
"NUP58","turquoise"
"NUP62","grey"
"NUP62CL","grey"
"NUP85","blue"
"NUP88","grey"
"NUP93","blue"
"NUP98","brown"
"NUPR1","grey"
"NUPR2","blue"
"NUSAP1","magenta"
"NUTF2","brown"
"NUTM2B","grey"
"NUTM2G","blue"
"NVL","turquoise"
"NWD1","grey"
"NXF1","grey"
"NXF3","grey"
"NXN","grey"
"NXNL1","blue"
"NXNL2","grey"
"NXPE3","turquoise"
"NXPH2","blue"
"NXPH3","grey"
"NXPH4","blue"
"NXT1","blue"
"NXT2","grey"
"NYNRIN","grey"
"OAF","turquoise"
"OARD1","turquoise"
"OAS1","grey"
"OAS2","grey"
"OAS3","brown"
"OASL","pink"
"OAT","turquoise"
"OAZ1","brown"
"OAZ2","turquoise"
"OBI1","turquoise"
"OBP2A","blue"
"OBSL1","green"
"OCA2","grey"
"OCEL1","turquoise"
"OCIAD1","grey"
"OCIAD2","pink"
"OCLN","lightcyan"
"OCM","grey"
"OCRL","grey"
"ODAD1","blue"
"ODAD3","blue"
"ODAM","grey"
"ODC1","turquoise"
"ODF2","grey"
"ODF2L","green"
"ODR4","yellow"
"OFD1","turquoise"
"OGA","turquoise"
"OGDH","grey"
"OGDHL","grey"
"OGFOD1","turquoise"
"OGFOD2","turquoise"
"OGFOD3","grey"
"OGFR","grey"
"OGFRL1","red"
"OGFRP1","blue"
"OGN","tan"
"OGT","grey"
"OLA1","grey"
"OLFM1","grey"
"OLFM2","brown"
"OLFM4","grey"
"OLFML1","grey"
"OLFML2A","grey"
"OLFML2B","black"
"OLFML3","grey"
"OLIG1","blue"
"OLIG2","blue"
"OLR1","grey"
"OMA1","turquoise"
"OMD","lightgreen"
"OMP","blue"
"ONECUT1","green"
"ONECUT2","grey"
"OPA1","turquoise"
"OPA3","blue"
"OPHN1","grey"
"OPLAH","blue"
"OPN3","turquoise"
"OPN4","blue"
"OPRD1","blue"
"OPTN","turquoise"
"OR10G2","blue"
"OR10G4","grey"
"OR10G7","grey"
"OR10G8","green"
"OR10G9","yellow"
"OR10H5","blue"
"OR10P1","blue"
"OR10S1","grey"
"OR10V1","blue"
"OR11H12","grey"
"OR12D3","brown"
"OR14C36","blue"
"OR14I1","grey"
"OR1F2P","grey"
"OR2A1","grey"
"OR2A4","grey"
"OR2A7","grey"
"OR2B11","blue"
"OR2B6","grey"
"OR2C3","brown"
"OR2D2","grey"
"OR2G2","brown"
"OR2L2","grey"
"OR2L8","grey"
"OR2M1P","grey"
"OR2S2","blue"
"OR2T11","grey"
"OR2T12","grey"
"OR2T3","grey"
"OR2T33","grey"
"OR2T35","grey"
"OR2T8","blue"
"OR2Z1","grey"
"OR3A3","grey"
"OR4D5","yellow"
"OR4F29","grey"
"OR4F4","grey"
"OR4K2","grey"
"OR4M1","grey"
"OR51E1","grey"
"OR51S1","blue"
"OR51V1","turquoise"
"OR52B2","blue"
"OR52H1","grey"
"OR52K3P","blue"
"OR52N1","grey"
"OR52N4","red"
"OR52N5","grey"
"OR56B1","grey"
"OR5B21","grey"
"OR5M10","grey"
"OR5P2","grey"
"OR7D4","green"
"OR7E13P","grey"
"OR7E14P","grey"
"OR7E35P","grey"
"OR7E37P","grey"
"OR8D4","yellow"
"OR8G1","grey"
"ORAI1","grey"
"ORAI2","red"
"ORAI3","turquoise"
"ORC1","grey"
"ORC2","turquoise"
"ORC3","turquoise"
"ORC4","grey"
"ORC5","yellow"
"ORC6","magenta"
"ORM1","grey"
"ORM2","grey"
"ORMDL1","turquoise"
"ORMDL2","brown"
"ORMDL3","black"
"OS9","grey"
"OSBP","grey"
"OSBP2","turquoise"
"OSBPL10","yellow"
"OSBPL11","blue"
"OSBPL1A","grey"
"OSBPL2","red"
"OSBPL3","pink"
"OSBPL5","grey"
"OSBPL7","grey"
"OSBPL8","green"
"OSBPL9","brown"
"OSCAR","blue"
"OSCP1","grey"
"OSER1","turquoise"
"OSGEP","turquoise"
"OSGEPL1","blue"
"OSGIN1","blue"
"OSGIN2","grey"
"OSM","grey"
"OSMR","black"
"OSR1","grey"
"OSR2","grey"
"OSTC","brown"
"OSTF1","turquoise"
"OSTM1","turquoise"
"OTC","salmon"
"OTOGL","greenyellow"
"OTOP2","blue"
"OTOP3","salmon"
"OTOS","blue"
"OTUB1","brown"
"OTUB2","grey"
"OTUD1","grey"
"OTUD3","turquoise"
"OTUD4","grey"
"OTUD6B","grey"
"OTUD7A","blue"
"OTUD7B","turquoise"
"OTULINL","grey"
"OTX1","blue"
"OVGP1","grey"
"OVOL1","grey"
"OVOL2","grey"
"OVOS2","grey"
"OXA1L","brown"
"OXCT1","turquoise"
"OXER1","turquoise"
"OXLD1","blue"
"OXNAD1","grey"
"OXR1","turquoise"
"OXSM","grey"
"OXSR1","pink"
"OXT","blue"
"OXTR","grey"
"P2RX1","green"
"P2RX3","blue"
"P2RX4","grey"
"P2RX5","red"
"P2RX7","grey"
"P2RY1","grey"
"P2RY10","red"
"P2RY12","grey"
"P2RY13","purple"
"P2RY14","red"
"P2RY2","grey"
"P2RY8","red"
"P3H1","black"
"P3H2","grey"
"P4HA1","turquoise"
"P4HA2","grey"
"P4HA3","grey"
"P4HB","green"
"P4HTM","grey"
"PA2G4","grey"
"PAAF1","turquoise"
"PABIR1","turquoise"
"PABIR2","turquoise"
"PABIR3","red"
"PABPC1","grey"
"PABPC1L","grey"
"PABPC4","yellow"
"PACRG","yellow"
"PACRGL","grey"
"PACS1","brown"
"PACSIN1","blue"
"PACSIN2","grey"
"PACSIN3","grey"
"PADI1","pink"
"PADI2","grey"
"PADI3","grey"
"PADI4","grey"
"PAEP","grey"
"PAF1","turquoise"
"PAFAH1B1","turquoise"
"PAFAH1B2","grey"
"PAFAH1B3","turquoise"
"PAFAH2","grey"
"PAG1","grey"
"PAGE2B","grey"
"PAGE5","blue"
"PAGR1","grey"
"PAH","yellow"
"PAICS","grey"
"PAIP1","turquoise"
"PAIP2","grey"
"PAIP2B","yellow"
"PAK1","pink"
"PAK1IP1","grey"
"PAK2","grey"
"PAK3","yellow"
"PAK4","grey"
"PAK5","black"
"PAK6-AS1","blue"
"PALB2","grey"
"PALD1","grey"
"PALLD","black"
"PALM","grey"
"PALM2AKAP2","grey"
"PALM3","grey"
"PALMD","tan"
"PALS1","turquoise"
"PALS2","yellow"
"PAM","grey"
"PAMR1","grey"
"PAN3","grey"
"PANK2","turquoise"
"PANK3","grey"
"PANX1","turquoise"
"PANX2","blue"
"PAPLN","grey"
"PAPOLA","grey"
"PAPOLG","grey"
"PAPPA","grey"
"PAPPA-AS1","grey"
"PAPPA2","grey"
"PAPSS1","turquoise"
"PAPSS2","grey"
"PAQR3","grey"
"PAQR4","turquoise"
"PAQR5","grey"
"PAQR7","turquoise"
"PAQR8","grey"
"PAQR9","blue"
"PARD3","red"
"PARD3B","grey"
"PARD6A","green"
"PARD6B","tan"
"PARG","turquoise"
"PARK7","turquoise"
"PARL","turquoise"
"PARM1","grey"
"PARN","blue"
"PARP1","grey"
"PARP11","turquoise"
"PARP12","brown"
"PARP14","green"
"PARP15","red"
"PARP16","blue"
"PARP2","grey"
"PARP3","brown"
"PARP4","pink"
"PARP6","grey"
"PARP8","grey"
"PARP9","grey"
"PARPBP","magenta"
"PARVA","grey"
"PARVB","grey"
"PARVG","red"
"PASK","grey"
"PATJ","lightcyan"
"PATL1","brown"
"PATL2","red"
"PATZ1","brown"
"PAWR","grey"
"PAX1","blue"
"PAX2","blue"
"PAX5","red"
"PAX6","greenyellow"
"PAX7","blue"
"PAX8","blue"
"PAX8-AS1","grey"
"PAX9","grey"
"PAXBP1","turquoise"
"PAXIP1","grey"
"PAXX","turquoise"
"PBDC1","turquoise"
"PBK","magenta"
"PBLD","yellow"
"PBRM1","turquoise"
"PBX1","green"
"PBX2","brown"
"PBX2P1","cyan"
"PBX3","grey"
"PBX3-DT","blue"
"PBX4","turquoise"
"PC","grey"
"PCBD1","green"
"PCBD2","turquoise"
"PCBP1","brown"
"PCBP2","grey"
"PCBP3","grey"
"PCBP4","brown"
"PCCA","yellow"
"PCCB","turquoise"
"PCDH1","pink"
"PCDH10","grey"
"PCDH12","grey"
"PCDH17","grey"
"PCDH18","lightgreen"
"PCDH20","grey"
"PCDH7","black"
"PCDH9","tan"
"PCDHA1","grey"
"PCDHA10","grey"
"PCDHA11","grey"
"PCDHA12","grey"
"PCDHA13","blue"
"PCDHA2","turquoise"
"PCDHA3","turquoise"
"PCDHA4","grey"
"PCDHA5","blue"
"PCDHA6","grey"
"PCDHA7","grey"
"PCDHA8","grey"
"PCDHB10","grey"
"PCDHB11","grey"
"PCDHB12","grey"
"PCDHB13","grey"
"PCDHB14","grey"
"PCDHB15","grey"
"PCDHB16","grey"
"PCDHB17P","grey"
"PCDHB18P","grey"
"PCDHB2","grey"
"PCDHB3","grey"
"PCDHB4","grey"
"PCDHB5","yellow"
"PCDHB6","grey"
"PCDHB8","grey"
"PCDHB9","grey"
"PCDHGB4","grey"
"PCED1A","brown"
"PCED1B","grey"
"PCF11","grey"
"PCGF2","grey"
"PCGF3","brown"
"PCGF5","turquoise"
"PCGF6","brown"
"PCID2","blue"
"PCIF1","brown"
"PCK1","grey"
"PCK2","grey"
"PCLAF","magenta"
"PCLO","greenyellow"
"PCM1","grey"
"PCMT1","grey"
"PCMTD1","yellow"
"PCMTD2","grey"
"PCNA","turquoise"
"PCNX1","turquoise"
"PCNX2","grey"
"PCNX3","turquoise"
"PCNX4","blue"
"PCOLCE","black"
"PCOLCE2","grey"
"PCOTH","grey"
"PCP2","blue"
"PCP4","grey"
"PCP4L1","blue"
"PCSK1","greenyellow"
"PCSK1N","blue"
"PCSK2","greenyellow"
"PCSK4","blue"
"PCSK5","grey"
"PCSK6","grey"
"PCSK7","brown"
"PCSK9","blue"
"PCTP","brown"
"PCYOX1","grey"
"PCYOX1L","turquoise"
"PCYT1A","grey"
"PCYT1B","green"
"PDAP1","grey"
"PDCD1","blue"
"PDCD10","turquoise"
"PDCD1LG2","purple"
"PDCD2","turquoise"
"PDCD2L","grey"
"PDCD4","brown"
"PDCD5","grey"
"PDCD6IP","pink"
"PDCD6P1","turquoise"
"PDCD7","brown"
"PDCL","turquoise"
"PDCL3","grey"
"PDE10A","grey"
"PDE11A","lightcyan"
"PDE12","turquoise"
"PDE1A","lightgreen"
"PDE1B","grey"
"PDE1C","grey"
"PDE2A","midnightblue"
"PDE3A","grey"
"PDE3B","grey"
"PDE4B","purple"
"PDE4D","yellow"
"PDE4DIP","grey"
"PDE5A","grey"
"PDE6D","brown"
"PDE6G","grey"
"PDE7A","turquoise"
"PDE7B","tan"
"PDE8A","grey"
"PDE8B","grey"
"PDGFA","green"
"PDGFB","grey"
"PDGFC","grey"
"PDGFD","grey"
"PDGFRA","turquoise"
"PDGFRB","black"
"PDGFRL","grey"
"PDHA1","turquoise"
"PDHA2","blue"
"PDHB","turquoise"
"PDHX","grey"
"PDIA2","yellow"
"PDIA3","turquoise"
"PDIA4","grey"
"PDIA5","grey"
"PDIA6","turquoise"
"PDIK1L","brown"
"PDK1","grey"
"PDK2","green"
"PDK3","grey"
"PDK4","grey"
"PDLIM1","grey"
"PDLIM2","turquoise"
"PDLIM3","black"
"PDLIM4","grey"
"PDLIM5","turquoise"
"PDLIM7","black"
"PDP1","grey"
"PDP2","grey"
"PDPK1","brown"
"PDPN","black"
"PDPR","grey"
"PDS5B","turquoise"
"PDSS1","grey"
"PDX1","turquoise"
"PDXDC1","grey"
"PDXDC2P-NPIPB14P","grey"
"PDXK","grey"
"PDXP","blue"
"PDZD11","grey"
"PDZD2","grey"
"PDZD4","blue"
"PDZD7","blue"
"PDZD8","turquoise"
"PDZK1","yellow"
"PDZK1IP1","pink"
"PDZRN3","grey"
"PDZRN4","grey"
"PEA15","brown"
"PEAK1","black"
"PEAK3","blue"
"PEAR1","grey"
"PEBP1","brown"
"PEBP4","green"
"PECAM1","grey"
"PECR","grey"
"PEDS1-UBE2V1","brown"
"PEF1","brown"
"PEG10","grey"
"PEG3","grey"
"PELI1","grey"
"PELI2","yellow"
"PELO","black"
"PEMT","brown"
"PENK","grey"
"PEPD","brown"
"PER1","grey"
"PER2","grey"
"PER3","grey"
"PERM1","blue"
"PERP","pink"
"PET117","turquoise"
"PEX1","grey"
"PEX10","brown"
"PEX11A","grey"
"PEX11B","brown"
"PEX11G","blue"
"PEX12","grey"
"PEX13","grey"
"PEX16","blue"
"PEX19","grey"
"PEX2","grey"
"PEX26","brown"
"PEX3","turquoise"
"PEX39","blue"
"PEX5","grey"
"PEX5L","yellow"
"PEX6","grey"
"PEX7","brown"
"PFAS","turquoise"
"PFDN1","brown"
"PFDN2","grey"
"PFDN4","turquoise"
"PFDN5","turquoise"
"PFDN6","grey"
"PFKFB1","midnightblue"
"PFKFB2","grey"
"PFKFB3","grey"
"PFKFB4","grey"
"PFKL","brown"
"PFKM","turquoise"
"PFKP","pink"
"PFN1","turquoise"
"PFN1P2","brown"
"PFN2","grey"
"PFN3","blue"
"PFN4","turquoise"
"PGA3","grey"
"PGAM1","grey"
"PGAM2","blue"
"PGAM4","brown"
"PGAM5","turquoise"
"PGAP1","grey"
"PGAP2","brown"
"PGAP3","brown"
"PGAP6","green"
"PGBD2","turquoise"
"PGBD5","green"
"PGC","grey"
"PGCKA1","lightcyan"
"PGD","blue"
"PGF","grey"
"PGGHG","green"
"PGGT1B","turquoise"
"PGK1","pink"
"PGLS","grey"
"PGLYRP1","blue"
"PGM1","grey"
"PGM2","turquoise"
"PGM2L1","turquoise"
"PGM3","yellow"
"PGM5","grey"
"PGP","turquoise"
"PGPEP1","green"
"PGR","greenyellow"
"PGRMC1","brown"
"PGRMC2","grey"
"PGS1","grey"
"PHACTR1","grey"
"PHACTR2","green"
"PHACTR4","brown"
"PHAF1","brown"
"PHAX","grey"
"PHB1","brown"
"PHB1P19","grey"
"PHB2","grey"
"PHC1","grey"
"PHC3","brown"
"PHETA1","blue"
"PHETA2","turquoise"
"PHEX","grey"
"PHF1","grey"
"PHF10","turquoise"
"PHF11","grey"
"PHF12","brown"
"PHF14","turquoise"
"PHF19","yellow"
"PHF2","brown"
"PHF20","green"
"PHF20L1","turquoise"
"PHF21A","brown"
"PHF3","grey"
"PHF5A","cyan"
"PHF6","turquoise"
"PHGDH","green"
"PHIP","turquoise"
"PHKA1","grey"
"PHKA2","grey"
"PHKB","turquoise"
"PHKG2","brown"
"PHLDA1","grey"
"PHLDA2","blue"
"PHLDA3","grey"
"PHLDB1","grey"
"PHLDB2","grey"
"PHLPP1","yellow"
"PHLPP2","grey"
"PHOSPHO1","turquoise"
"PHOSPHO2","turquoise"
"PHOX2A","blue"
"PHPT1","grey"
"PHTF1","turquoise"
"PHTF2","turquoise"
"PHYH","grey"
"PHYHD1","green"
"PHYHIPL","yellow"
"PI15","grey"
"PI16","midnightblue"
"PI3","grey"
"PI4K2A","grey"
"PI4K2B","turquoise"
"PI4KA","brown"
"PI4KAP1","grey"
"PI4KB","grey"
"PIAS1","brown"
"PIAS2","turquoise"
"PIAS3","grey"
"PIAS4","blue"
"PIBF1","grey"
"PICALM","grey"
"PICK1","brown"
"PID1","grey"
"PIDD1","turquoise"
"PIEZO1","brown"
"PIEZO2","grey"
"PIGA","turquoise"
"PIGB","blue"
"PIGC","turquoise"
"PIGF","turquoise"
"PIGG","blue"
"PIGH","turquoise"
"PIGK","blue"
"PIGL","grey"
"PIGM","brown"
"PIGN","turquoise"
"PIGO","brown"
"PIGP","green"
"PIGQ","brown"
"PIGR","grey"
"PIGS","brown"
"PIGT","brown"
"PIGU","brown"
"PIGW","turquoise"
"PIGX","grey"
"PIGY","grey"
"PIGZ","turquoise"
"PIK3AP1","grey"
"PIK3C2A","grey"
"PIK3C2B","grey"
"PIK3C2G","grey"
"PIK3C3","blue"
"PIK3CA","turquoise"
"PIK3CB","grey"
"PIK3CD","red"
"PIK3CG","purple"
"PIK3IP1","red"
"PIK3R1","grey"
"PIK3R2","turquoise"
"PIK3R3","grey"
"PIK3R4","blue"
"PIK3R5","red"
"PIK3R6","turquoise"
"PIKFYVE","turquoise"
"PILRA","red"
"PILRB","grey"
"PIM1","grey"
"PIM2","red"
"PIM3","brown"
"PIMREG","blue"
"PIN1","brown"
"PIN1P1","turquoise"
"PIN4","turquoise"
"PINK1","grey"
"PINK1-AS","grey"
"PIP4K2A","purple"
"PIP4K2B","grey"
"PIP4K2C","pink"
"PIP4P2","turquoise"
"PIP5K1A","grey"
"PIP5K1B","grey"
"PIP5K1C","turquoise"
"PIP5KL1","blue"
"PIR","grey"
"PITPNA","grey"
"PITPNB","brown"
"PITPNC1","grey"
"PITPNM1","turquoise"
"PITPNM2","grey"
"PITX1","blue"
"PITX2","blue"
"PITX3","blue"
"PIWIL1","grey"
"PIWIL4","grey"
"PJA1","turquoise"
"PJA2","turquoise"
"PKD1","turquoise"
"PKD1L2","grey"
"PKD1L3","grey"
"PKD2","turquoise"
"PKDCC","grey"
"PKHD1","yellow"
"PKHD1L1","grey"
"PKIA","grey"
"PKIB","grey"
"PKIG","grey"
"PKLR","blue"
"PKM","pink"
"PKMYT1","blue"
"PKN2","turquoise"
"PKN3","blue"
"PKNOX2","green"
"PKP1","grey"
"PKP2","grey"
"PKP3","pink"
"PKP4","grey"
"PLA1A","grey"
"PLA2G10","grey"
"PLA2G12A","green"
"PLA2G12AP1","grey"
"PLA2G12B","salmon"
"PLA2G15","brown"
"PLA2G1B","yellow"
"PLA2G2A","grey"
"PLA2G2C","grey"
"PLA2G2D","red"
"PLA2G2E","blue"
"PLA2G3","blue"
"PLA2G4A","grey"
"PLA2G4C","grey"
"PLA2G4D","blue"
"PLA2G5","grey"
"PLA2G6","turquoise"
"PLA2G7","purple"
"PLA2R1","turquoise"
"PLAA","turquoise"
"PLAAT2","grey"
"PLAAT3","turquoise"
"PLAAT4","grey"
"PLAAT5","green"
"PLAC4","blue"
"PLAC8","green"
"PLAC9","grey"
"PLAG1","grey"
"PLAGL1","grey"
"PLAGL2","grey"
"PLAT","pink"
"PLAU","black"
"PLAUR","brown"
"PLBD1","grey"
"PLBD2","brown"
"PLCB1","grey"
"PLCB2","red"
"PLCB3","grey"
"PLCB4","grey"
"PLCD1","brown"
"PLCD3","turquoise"
"PLCE1","grey"
"PLCG1","black"
"PLCG2","red"
"PLCH1","grey"
"PLCH2","blue"
"PLCL1","turquoise"
"PLCL2","grey"
"PLCXD1","grey"
"PLCXD3","greenyellow"
"PLD1","grey"
"PLD2","brown"
"PLD3","brown"
"PLD4","grey"
"PLD5","blue"
"PLEC","brown"
"PLEK","purple"
"PLEK2","pink"
"PLEKHA1","turquoise"
"PLEKHA2","black"
"PLEKHA3","turquoise"
"PLEKHA5","grey"
"PLEKHA6","grey"
"PLEKHA7","pink"
"PLEKHA8","cyan"
"PLEKHA8P1","turquoise"
"PLEKHB1","grey"
"PLEKHB2","turquoise"
"PLEKHF1","grey"
"PLEKHF2","turquoise"
"PLEKHG1","green"
"PLEKHG2","brown"
"PLEKHG3","grey"
"PLEKHG6","grey"
"PLEKHH1","lightcyan"
"PLEKHH2","black"
"PLEKHH3","blue"
"PLEKHJ1","grey"
"PLEKHM1","grey"
"PLEKHM1P1","brown"
"PLEKHM2","brown"
"PLEKHM3","turquoise"
"PLEKHN1","blue"
"PLEKHO1","red"
"PLEKHO2","grey"
"PLEKHS1","lightcyan"
"PLG","blue"
"PLGLB2","grey"
"PLGRKT","turquoise"
"PLIN1","midnightblue"
"PLIN2","grey"
"PLIN3","brown"
"PLIN4","midnightblue"
"PLK1","grey"
"PLK2","grey"
"PLK3","grey"
"PLK4","magenta"
"PLK5","blue"
"PLLP","grey"
"PLN","grey"
"PLOD1","brown"
"PLOD2","turquoise"
"PLOD3","brown"
"PLP1","grey"
"PLP2","grey"
"PLPBP","grey"
"PLPP1","tan"
"PLPP2","pink"
"PLPP3","grey"
"PLPP4","black"
"PLPP5","green"
"PLPP6","grey"
"PLPPR1","greenyellow"
"PLPPR2","turquoise"
"PLPPR3","blue"
"PLPPR4","grey"
"PLPPR5","grey"
"PLRG1","turquoise"
"PLS1","pink"
"PLS3","turquoise"
"PLSCR1","purple"
"PLSCR3","brown"
"PLSCR4","tan"
"PLTP","grey"
"PLVAP","grey60"
"PLXDC1","brown"
"PLXDC2","black"
"PLXNA1","brown"
"PLXNA2","green"
"PLXNA3","grey"
"PLXNA4","midnightblue"
"PLXNB1","grey"
"PLXNB2","brown"
"PLXNB3","turquoise"
"PLXNC1","purple"
"PLXND1","brown"
"PM20D1","green"
"PM20D1-AS1","grey"
"PM20D2","brown"
"PMAIP1","magenta"
"PMEPA1","grey"
"PMF1","grey"
"PMF1-BGLAP","turquoise"
"PMFBP1","grey"
"PML","brown"
"PMM1","grey"
"PMM2","grey"
"PMP2","grey"
"PMP22","black"
"PMPCA","grey"
"PMPCB","grey"
"PMS1","grey"
"PMS2","turquoise"
"PMS2CL","grey"
"PMS2P1","brown"
"PMS2P2","brown"
"PMS2P7","brown"
"PMVK","turquoise"
"PNCK","blue"
"PNISR","turquoise"
"PNKD","turquoise"
"PNKP","turquoise"
"PNLDC1","grey"
"PNLIP","yellow"
"PNLIPRP1","yellow"
"PNLIPRP2","yellow"
"PNMA1","brown"
"PNMA2","grey"
"PNMA5","grey"
"PNMA6A","blue"
"PNMT","blue"
"PNN","turquoise"
"PNO1","brown"
"PNOC","grey"
"PNP","grey"
"PNPLA2","turquoise"
"PNPLA3","grey"
"PNPLA4","grey"
"PNPLA5","blue"
"PNPLA6","brown"
"PNPLA7","turquoise"
"PNPLA8","turquoise"
"PNPO","brown"
"PNPT1","turquoise"
"PNRC1","grey"
"PNRC2","grey"
"POC1B","brown"
"POC1B-GALNT4","pink"
"POC5","grey"
"PODN","grey60"
"PODNL1","brown"
"PODXL","grey"
"PODXL2","turquoise"
"POF1B","pink"
"POGK","grey"
"POGLUT1","grey"
"POGLUT2","turquoise"
"POGLUT3","turquoise"
"POGZ","brown"
"POLA1","turquoise"
"POLA2","blue"
"POLB","grey"
"POLD1","turquoise"
"POLD2","brown"
"POLD3","grey"
"POLD4","brown"
"POLDIP2","brown"
"POLDIP3","grey"
"POLE","grey"
"POLE2","magenta"
"POLG2","turquoise"
"POLH","blue"
"POLI","yellow"
"POLK","grey"
"POLL","green"
"POLM","brown"
"POLQ","magenta"
"POLR1B","grey"
"POLR1C","brown"
"POLR1D","green"
"POLR1E","grey"
"POLR1F","turquoise"
"POLR1HASP","grey"
"POLR2A","brown"
"POLR2B","turquoise"
"POLR2E","brown"
"POLR2G","grey"
"POLR2H","brown"
"POLR2J3","brown"
"POLR2J4","brown"
"POLR2K","brown"
"POLR2L","grey"
"POLR2M","turquoise"
"POLR3A","turquoise"
"POLR3B","yellow"
"POLR3D","grey"
"POLR3F","grey"
"POLR3G","grey"
"POLR3GL","turquoise"
"POLR3K","brown"
"POM121","turquoise"
"POM121C","brown"
"POM121L12","blue"
"POM121L1P","grey"
"POM121L4P","grey"
"POM121L8P","blue"
"POM121L9P","grey"
"POMC","blue"
"POMGNT2","turquoise"
"POMK","brown"
"POMP","brown"
"POMT2","brown"
"PON2","grey"
"PON3","grey"
"POP4","grey"
"POP5","turquoise"
"POP7","grey"
"POPDC1","grey"
"POPDC2","red"
"POPDC3","grey"
"POR","brown"
"PORCN","brown"
"POSTN","black"
"POT1","blue"
"POTEF","brown"
"POTEJ","grey"
"POU2AF1","red"
"POU2F1","brown"
"POU2F2","grey"
"POU2F3","grey"
"POU3F1","blue"
"POU3F2","blue"
"POU3F3","blue"
"POU3F4","blue"
"POU4F1","blue"
"POU4F2","blue"
"POU5F1","grey"
"POU5F1B","grey"
"POU5F1P3","blue"
"POU5F1P4","grey"
"POU5F2","blue"
"POU6F1","turquoise"
"POU6F2","green"
"PPA1","grey"
"PPARA","grey"
"PPARD","brown"
"PPARG","yellow"
"PPARGC1A","grey"
"PPAT","grey"
"PPBP","grey"
"PPCS","turquoise"
"PPDPF","brown"
"PPEF1","grey"
"PPFIA1","black"
"PPFIA2","grey"
"PPFIBP1","turquoise"
"PPFIBP2","grey"
"PPHLN1","blue"
"PPIA","turquoise"
"PPIAL4C","grey"
"PPIAL4G","turquoise"
"PPIB","brown"
"PPIC","turquoise"
"PPID","turquoise"
"PPIE","turquoise"
"PPIF","grey"
"PPIG","turquoise"
"PPIH","turquoise"
"PPIL2","grey"
"PPIL3","grey"
"PPIL4","grey"
"PPIL6","grey"
"PPIP5K1","grey"
"PPIP5K2","turquoise"
"PPL","grey"
"PPM1A","turquoise"
"PPM1B","turquoise"
"PPM1D","grey"
"PPM1G","grey"
"PPM1H","grey"
"PPM1K","grey"
"PPM1L","grey"
"PPM1M","grey"
"PPME1","brown"
"PPP1CA","grey"
"PPP1CB","turquoise"
"PPP1CC","grey"
"PPP1R10","brown"
"PPP1R11","brown"
"PPP1R12A","black"
"PPP1R12B","grey"
"PPP1R12C","grey"
"PPP1R13B","grey"
"PPP1R13L","turquoise"
"PPP1R14A","grey"
"PPP1R14B","turquoise"
"PPP1R14C","grey"
"PPP1R14D","grey"
"PPP1R15A","grey"
"PPP1R15B","grey"
"PPP1R16A","turquoise"
"PPP1R16B","red"
"PPP1R18","brown"
"PPP1R1A","midnightblue"
"PPP1R1B","green"
"PPP1R1C","grey"
"PPP1R2","grey"
"PPP1R21","turquoise"
"PPP1R26","grey"
"PPP1R27","blue"
"PPP1R2C","blue"
"PPP1R35","turquoise"
"PPP1R36","yellow"
"PPP1R37","turquoise"
"PPP1R3B","grey"
"PPP1R3C","grey"
"PPP1R3D","blue"
"PPP1R3F","blue"
"PPP1R7","brown"
"PPP1R8","blue"
"PPP1R9A","yellow"
"PPP2CA","turquoise"
"PPP2CB","grey"
"PPP2R1A","brown"
"PPP2R1B","yellow"
"PPP2R2A","turquoise"
"PPP2R2B","grey"
"PPP2R2C","grey"
"PPP2R2D","yellow"
"PPP2R3A","grey"
"PPP2R3B","blue"
"PPP2R3C","blue"
"PPP2R5A","grey"
"PPP2R5C","grey"
"PPP2R5E","turquoise"
"PPP3CA","green"
"PPP3CB","turquoise"
"PPP3CC","turquoise"
"PPP3R1","turquoise"
"PPP3R2","blue"
"PPP4C","pink"
"PPP4R1","turquoise"
"PPP4R1L","grey"
"PPP4R2","turquoise"
"PPP4R3A","turquoise"
"PPP4R3B","grey"
"PPP4R4","grey"
"PPP6C","grey"
"PPP6R1","brown"
"PPP6R3","turquoise"
"PPRC1","grey"
"PPT1","purple"
"PPT2","grey"
"PPTC7","grey"
"PPWD1","turquoise"
"PPY","grey"
"PQBP1","turquoise"
"PRADC1","black"
"PRAF2","turquoise"
"PRAG1","grey"
"PRAME","grey"
"PRAMEF10","turquoise"
"PRAP1","blue"
"PRB1","blue"
"PRC1","magenta"
"PRCC","brown"
"PRCP","grey"
"PRDM1","black"
"PRDM10-DT","blue"
"PRDM12","blue"
"PRDM13","blue"
"PRDM14","blue"
"PRDM16","green"
"PRDM16-DT","blue"
"PRDM2","purple"
"PRDM4","grey"
"PRDM5","yellow"
"PRDM7","grey"
"PRDM8","turquoise"
"PRDX1","pink"
"PRDX3","turquoise"
"PRDX4","yellow"
"PRDX5","grey"
"PRDX6","grey"
"PREB","brown"
"PRECSIT","grey"
"PRELID1","brown"
"PRELID2","grey"
"PRELID3B","turquoise"
"PRELP","lightgreen"
"PREP","turquoise"
"PREPL","grey"
"PREX1","red"
"PREX2","tan"
"PRF1","grey"
"PRG4","grey"
"PRH1","grey"
"PRICKLE1","black"
"PRICKLE2","grey"
"PRICKLE3","turquoise"
"PRIM1","turquoise"
"PRIM2","turquoise"
"PRIMA1","blue"
"PRIMPOL","turquoise"
"PRKAA1","grey"
"PRKAA2","grey"
"PRKAB1","grey"
"PRKAB2","grey"
"PRKACA","grey"
"PRKACB","grey"
"PRKAG1","grey"
"PRKAG2","grey"
"PRKAR1A","turquoise"
"PRKAR1B","blue"
"PRKAR2B","grey"
"PRKCA","grey"
"PRKCB","red"
"PRKCD","grey"
"PRKCE","grey"
"PRKCG","grey"
"PRKCH","purple"
"PRKCI","grey"
"PRKCQ","grey"
"PRKCSH","brown"
"PRKCZ","grey"
"PRKD1","turquoise"
"PRKD2","brown"
"PRKD3","turquoise"
"PRKDC","turquoise"
"PRKG1","turquoise"
"PRKG2","grey"
"PRKN","grey"
"PRKRA","turquoise"
"PRKX","grey"
"PRKXP1","grey"
"PRKY","grey"
"PRLH","blue"
"PRLHR","blue"
"PRLR","green"
"PRM2","blue"
"PRM3","blue"
"PRMT1","grey"
"PRMT2","turquoise"
"PRMT3","turquoise"
"PRMT5","brown"
"PRMT9","turquoise"
"PRND","grey"
"PRNP","grey"
"PROC","grey"
"PROCR","grey"
"PRODH","grey"
"PROK1","grey"
"PROK2","grey"
"PROM1","lightcyan"
"PROM2","grey"
"PROP1","blue"
"PRORP","blue"
"PRORSD1P","grey"
"PROS1","turquoise"
"PROSER1","brown"
"PROSER2","blue"
"PROX1","yellow"
"PRP4K","turquoise"
"PRPF18","turquoise"
"PRPF19","brown"
"PRPF3","grey"
"PRPF31","brown"
"PRPF38A","blue"
"PRPF38B","turquoise"
"PRPF39","turquoise"
"PRPF4","cyan"
"PRPF40A","turquoise"
"PRPF6","turquoise"
"PRPF8","brown"
"PRPH","blue"
"PRPH2","grey"
"PRPS1","turquoise"
"PRPS2","grey"
"PRPSAP1","grey"
"PRPSAP2","turquoise"
"PRR11","magenta"
"PRR12","turquoise"
"PRR13","grey"
"PRR14","brown"
"PRR15","grey"
"PRR15L","lightcyan"
"PRR18","blue"
"PRR22","blue"
"PRR23A","blue"
"PRR23B","blue"
"PRR25","blue"
"PRR34","grey"
"PRR35","blue"
"PRR36","blue"
"PRR4","grey"
"PRR5L","grey"
"PRR7","blue"
"PRRC1","grey"
"PRRC2A","brown"
"PRRC2B","grey"
"PRRC2C","brown"
"PRRG1","pink"
"PRRG4","pink"
"PRRT1","blue"
"PRRX1","black"
"PRRX2","blue"
"PRSS1","yellow"
"PRSS12","grey"
"PRSS16","green"
"PRSS2","yellow"
"PRSS21","blue"
"PRSS22","grey"
"PRSS23","turquoise"
"PRSS27","blue"
"PRSS29P","blue"
"PRSS3","yellow"
"PRSS33","blue"
"PRSS3P2","yellow"
"PRSS40A","grey"
"PRSS41","blue"
"PRSS45P","grey"
"PRSS50","blue"
"PRSS57","blue"
"PRSS8","pink"
"PRTFDC1","grey"
"PRTN3","blue"
"PRUNE1","brown"
"PRUNE2","grey"
"PRX","blue"
"PRXL2A","turquoise"
"PRXL2B","grey"
"PRXL2C","brown"
"PRY","grey"
"PSAP","purple"
"PSAPL1","grey"
"PSAT1","yellow"
"PSCA","grey"
"PSD","blue"
"PSD3","turquoise"
"PSD4","grey"
"PSEN1","pink"
"PSEN2","yellow"
"PSENEN","brown"
"PSG4","grey"
"PSG8","turquoise"
"PSG9","blue"
"PSIP1","grey"
"PSKH1","turquoise"
"PSMA1","blue"
"PSMA2","brown"
"PSMA3","turquoise"
"PSMA4","turquoise"
"PSMA5","turquoise"
"PSMA6","turquoise"
"PSMA7","turquoise"
"PSMB1","turquoise"
"PSMB10","grey"
"PSMB2","blue"
"PSMB3","turquoise"
"PSMB4","turquoise"
"PSMB5","blue"
"PSMB6","brown"
"PSMB7","grey"
"PSMB8","turquoise"
"PSMB9","green"
"PSMC1","turquoise"
"PSMC2","turquoise"
"PSMC3","grey"
"PSMC3IP","grey"
"PSMC4","grey"
"PSMC5","turquoise"
"PSMC6","turquoise"
"PSMD1","turquoise"
"PSMD10","brown"
"PSMD11","turquoise"
"PSMD12","turquoise"
"PSMD13","turquoise"
"PSMD14","turquoise"
"PSMD2","blue"
"PSMD3","grey"
"PSMD4","grey"
"PSMD6","yellow"
"PSMD7","turquoise"
"PSMD8","brown"
"PSME1","grey"
"PSME2","brown"
"PSME3","brown"
"PSME3IP1","grey"
"PSME4","turquoise"
"PSMF1","brown"
"PSMG2","brown"
"PSMG3","grey"
"PSMG4","turquoise"
"PSORS1C2","blue"
"PSORS1C3","grey"
"PSPC1","blue"
"PSPN","blue"
"PSTPIP1","grey"
"PSTPIP2","purple"
"PTAFR","grey"
"PTAR1","brown"
"PTBP1","brown"
"PTBP2","turquoise"
"PTBP3","pink"
"PTCD2","turquoise"
"PTCD3","turquoise"
"PTCH1","grey"
"PTCH2","grey"
"PTCHD3","yellow"
"PTCHD4","grey"
"PTCRA","blue"
"PTDSS1","grey"
"PTEN","turquoise"
"PTENP1","turquoise"
"PTER","grey"
"PTF1A","green"
"PTGDR","grey"
"PTGDR2","blue"
"PTGDS","grey"
"PTGER1","blue"
"PTGER2","grey"
"PTGER3","grey"
"PTGER4","grey"
"PTGER4P2-CDK2AP2P2","turquoise"
"PTGES","grey"
"PTGES3","turquoise"
"PTGES3L-AARSD1","turquoise"
"PTGFR","grey"
"PTGFRN","black"
"PTGIR","grey"
"PTGIS","black"
"PTGR1","turquoise"
"PTGR2","turquoise"
"PTGR3","grey"
"PTGS1","purple"
"PTGS2","grey"
"PTH1R","grey"
"PTH2","blue"
"PTH2R","grey"
"PTHLH","grey"
"PTK2","turquoise"
"PTK2B","red"
"PTK6","grey"
"PTK7","black"
"PTMA","turquoise"
"PTMS","brown"
"PTN","grey"
"PTP4A1","grey"
"PTP4A3","grey"
"PTPA","turquoise"
"PTPDC1","grey"
"PTPN1","yellow"
"PTPN11","turquoise"
"PTPN12","pink"
"PTPN13","grey"
"PTPN14","brown"
"PTPN18","brown"
"PTPN2","turquoise"
"PTPN20","grey"
"PTPN21","grey"
"PTPN22","red"
"PTPN3","lightcyan"
"PTPN4","grey"
"PTPN6","red"
"PTPN7","red"
"PTPN9","pink"
"PTPRB","grey"
"PTPRC","purple"
"PTPRCAP","red"
"PTPRD","grey"
"PTPRE","black"
"PTPRF","grey"
"PTPRG","turquoise"
"PTPRH","pink"
"PTPRJ","blue"
"PTPRK","lightcyan"
"PTPRM","grey"
"PTPRN","greenyellow"
"PTPRN2","green"
"PTPRO","grey"
"PTPRR","grey"
"PTPRS","grey"
"PTPRT","grey"
"PTPRU","grey"
"PTPRZ1","grey"
"PTRH1","blue"
"PTS","turquoise"
"PTTG1","magenta"
"PTTG1IP","brown"
"PTTG2","grey"
"PTX3","grey"
"PTX4","blue"
"PUDP","grey"
"PUM2","turquoise"
"PUM3","turquoise"
"PURA","turquoise"
"PUS1","grey"
"PUS10","grey"
"PUS3","grey"
"PUS7","grey"
"PUS7L","grey"
"PUSL1","turquoise"
"PVALEF","blue"
"PVR","turquoise"
"PVRIG","grey"
"PWAR6","turquoise"
"PWP1","turquoise"
"PWWP2B","blue"
"PWWP3B","yellow"
"PXDC1","grey"
"PXDN","black"
"PXK","grey"
"PXMP2","green"
"PXMP4","grey"
"PXN","brown"
"PYCARD","brown"
"PYCR1","turquoise"
"PYCR3","turquoise"
"PYGB","pink"
"PYGL","turquoise"
"PYGM","midnightblue"
"PYGO1","grey"
"PYGO2","grey"
"PYHIN1","red"
"PYROXD1","grey"
"PYROXD2","grey"
"PYY","turquoise"
"PYY2","blue"
"QARS1","brown"
"QDPR","grey"
"QKI","turquoise"
"QNG1","turquoise"
"QPCT","grey"
"QPRT","grey"
"QRICH1","brown"
"QRSL1","grey"
"QSER1","grey"
"QSOX1","pink"
"QSOX2","grey"
"QTRT1","green"
"QTRT2","turquoise"
"R3HCC1","grey"
"R3HCC1L","turquoise"
"R3HDM1","blue"
"R3HDM2","brown"
"R3HDM4","turquoise"
"RAB10","grey"
"RAB11A","turquoise"
"RAB11B","brown"
"RAB11FIP1","grey"
"RAB11FIP2","turquoise"
"RAB11FIP4","grey"
"RAB11FIP5","grey"
"RAB12","black"
"RAB13","turquoise"
"RAB14","blue"
"RAB15","grey"
"RAB17","green"
"RAB18","turquoise"
"RAB19","green"
"RAB1A","turquoise"
"RAB1B","brown"
"RAB1C","brown"
"RAB20","grey"
"RAB21","grey"
"RAB22A","turquoise"
"RAB23","turquoise"
"RAB24","grey"
"RAB25","pink"
"RAB26","green"
"RAB27A","turquoise"
"RAB27B","pink"
"RAB28","blue"
"RAB29","grey"
"RAB2A","turquoise"
"RAB2B","brown"
"RAB30","red"
"RAB31","black"
"RAB32","grey"
"RAB33A","grey"
"RAB33B","grey"
"RAB34","black"
"RAB35","brown"
"RAB37","grey"
"RAB38","grey"
"RAB3A","turquoise"
"RAB3B","grey"
"RAB3C","greenyellow"
"RAB3D","green"
"RAB3GAP1","turquoise"
"RAB3GAP2","grey"
"RAB3IL1","turquoise"
"RAB3IP","yellow"
"RAB40AL","blue"
"RAB40B","blue"
"RAB40C","turquoise"
"RAB42","grey"
"RAB43","turquoise"
"RAB4A","grey"
"RAB4B","grey"
"RAB5A","turquoise"
"RAB5B","brown"
"RAB5C","brown"
"RAB5IF","brown"
"RAB7A","brown"
"RAB8A","grey"
"RAB8B","black"
"RAB9A","grey"
"RAB9B","grey"
"RABAC1","grey"
"RABEP1","turquoise"
"RABGAP1","turquoise"
"RABGAP1L","blue"
"RABGEF1","brown"
"RABGGTA","brown"
"RABGGTB","turquoise"
"RABL2B","turquoise"
"RABL3","brown"
"RABL6","turquoise"
"RAC1","pink"
"RAC2","red"
"RACGAP1","magenta"
"RACK1","brown"
"RAD1","turquoise"
"RAD17","grey"
"RAD18","magenta"
"RAD21","turquoise"
"RAD50","grey"
"RAD51","magenta"
"RAD51AP1","magenta"
"RAD51B","turquoise"
"RAD51C","grey"
"RAD52","grey"
"RAD54B","grey"
"RAD9A","turquoise"
"RADIL","green"
"RADX","greenyellow"
"RAE1","turquoise"
"RAET1E-AS1","blue"
"RAET1L","grey"
"RAI1","brown"
"RAI14","turquoise"
"RAI2","turquoise"
"RALA","turquoise"
"RALB","turquoise"
"RALBP1","turquoise"
"RALGAPA1","grey"
"RALGAPA2","grey"
"RALGAPB","blue"
"RALGDS","brown"
"RALGPS1","grey"
"RALGPS2","turquoise"
"RALGPS2-AS1","blue"
"RALY","grey"
"RALYL","grey"
"RAMAC","grey"
"RAMP1","blue"
"RAMP2","tan"
"RAMP3","grey"
"RAN","turquoise"
"RANBP1","turquoise"
"RANBP10","brown"
"RANBP17","grey"
"RANBP2","turquoise"
"RANBP3L","grey"
"RANBP6","turquoise"
"RANGAP1","brown"
"RAP1A","turquoise"
"RAP1B","turquoise"
"RAP1GAP","yellow"
"RAP1GAP2","green"
"RAP1GDS1","turquoise"
"RAP2A","turquoise"
"RAP2B","brown"
"RAPGEF1","grey"
"RAPGEF2","turquoise"
"RAPGEF4","grey"
"RAPGEF5","grey"
"RAPGEF6","turquoise"
"RAPGEFL1","grey"
"RAPH1","pink"
"RAPSN","blue"
"RARA","brown"
"RARB","grey"
"RARG","grey"
"RARRES1","grey"
"RARRES2","yellow"
"RARS1","turquoise"
"RARS2","turquoise"
"RASA1","grey"
"RASA2","grey"
"RASA3","yellow"
"RASA4","grey"
"RASA4B","blue"
"RASAL1","grey"
"RASAL2","pink"
"RASAL3","red"
"RASD1","grey"
"RASD2","grey"
"RASEF","lightcyan"
"RASGEF1A","grey"
"RASGEF1B","grey"
"RASGRF1","greenyellow"
"RASGRF2","grey"
"RASGRP1","red"
"RASGRP2","red"
"RASGRP3","purple"
"RASGRP4","turquoise"
"RASIP1","turquoise"
"RASL10A","blue"
"RASL10B","blue"
"RASL11A","grey"
"RASL11B","grey"
"RASL12","grey"
"RASSF1","grey"
"RASSF10","blue"
"RASSF2","red"
"RASSF3","grey"
"RASSF4","grey"
"RASSF5","red"
"RASSF6","lightcyan"
"RASSF7","blue"
"RASSF8","turquoise"
"RASSF9","turquoise"
"RAVER1","blue"
"RAVER2","grey"
"RAX","blue"
"RAX2","blue"
"RB1","brown"
"RB1CC1","turquoise"
"RBAK","turquoise"
"RBAK-RBAKDN","blue"
"RBBP4","grey"
"RBBP5","turquoise"
"RBBP6","grey"
"RBBP7","grey"
"RBBP8","grey"
"RBBP9","brown"
"RBCK1","brown"
"RBFA","grey"
"RBFOX2","turquoise"
"RBIS","grey"
"RBKS","grey"
"RBL1","grey"
"RBL2","turquoise"
"RBM12","grey"
"RBM12B","turquoise"
"RBM14","blue"
"RBM15B","turquoise"
"RBM17","turquoise"
"RBM18","turquoise"
"RBM22","grey"
"RBM23","brown"
"RBM24","grey"
"RBM25","turquoise"
"RBM26","grey"
"RBM27","blue"
"RBM28","turquoise"
"RBM3","turquoise"
"RBM34","turquoise"
"RBM39","turquoise"
"RBM4","blue"
"RBM41","turquoise"
"RBM43","grey"
"RBM45","blue"
"RBM47","grey"
"RBM48","grey"
"RBM4B","brown"
"RBM5","turquoise"
"RBM6","turquoise"
"RBM7","grey"
"RBM8A","turquoise"
"RBMS1","black"
"RBMS2","brown"
"RBMS3","grey"
"RBMX2","turquoise"
"RBMXL2","blue"
"RBMXL3","blue"
"RBP1","yellow"
"RBP2","salmon"
"RBP4","grey"
"RBP5","red"
"RBP7","grey"
"RBPJ","grey"
"RBPJL","green"
"RBPMS","grey"
"RBPMS2","grey"
"RBSN","turquoise"
"RBX1","grey"
"RC3H1","grey"
"RC3H2","green"
"RCAN1","grey"
"RCAN2","grey"
"RCAN3","grey"
"RCBTB1","grey"
"RCBTB2","grey"
"RCC1","magenta"
"RCC1L","grey"
"RCC2","grey"
"RCCD1","grey"
"RCE1","grey"
"RCHY1","turquoise"
"RCL1","grey"
"RCN1","turquoise"
"RCN2","turquoise"
"RCN3","brown"
"RCOR1","grey"
"RCOR3","grey"
"RCSD1","red"
"RDH10","grey"
"RDH11","grey"
"RDH12","green"
"RDH13","grey"
"RDH5","midnightblue"
"RDX","turquoise"
"RECK","grey"
"RECQL","turquoise"
"RECQL4","blue"
"REEP1","grey"
"REEP3","turquoise"
"REEP4","brown"
"REEP5","brown"
"REEP6","grey"
"REG1A","yellow"
"REG1B","yellow"
"REG1CP","yellow"
"REG3A","yellow"
"REG3G","yellow"
"REG4","grey"
"REL","grey"
"RELA","brown"
"RELB","grey"
"RELCH","turquoise"
"RELL1","turquoise"
"RELN","grey"
"RELT","grey"
"RENBP","grey"
"REP15","turquoise"
"REPIN1","turquoise"
"REPS1","grey"
"REPS2","grey"
"RER1","turquoise"
"RERE","brown"
"RERG","grey"
"RERGL","grey"
"RESF1","grey"
"RET","blue"
"RETN","blue"
"RETREG1","yellow"
"RETREG3","brown"
"RETSAT","grey"
"REV1","turquoise"
"REV3L","pink"
"REX1BD","turquoise"
"REXO1","turquoise"
"REXO1L2P","grey"
"REXO2","turquoise"
"REXO4","turquoise"
"REXO5","grey"
"RFC1","yellow"
"RFC2","grey"
"RFC3","grey"
"RFC4","grey"
"RFC5","grey"
"RFFL","brown"
"RFLNA","grey"
"RFLNB","turquoise"
"RFNG","turquoise"
"RFPL4A","grey"
"RFT1","grey"
"RFTN1","purple"
"RFTN2","grey"
"RFWD3","grey"
"RFX1","turquoise"
"RFX2","grey"
"RFX3","grey"
"RFX5","red"
"RFX6","greenyellow"
"RFX7","brown"
"RFX8","grey"
"RFXAP","turquoise"
"RGCC","grey"
"RGL1","tan"
"RGL2","brown"
"RGL3","grey"
"RGMA","blue"
"RGN","yellow"
"RGP1","brown"
"RGPD1","turquoise"
"RGS1","grey"
"RGS10","turquoise"
"RGS11","blue"
"RGS13","grey"
"RGS14","blue"
"RGS16","grey"
"RGS18","grey"
"RGS19","turquoise"
"RGS2","grey"
"RGS22","tan"
"RGS4","grey"
"RGS5","grey"
"RGS6","grey"
"RGS7","grey"
"RGS7BP","grey"
"RGS9","greenyellow"
"RGS9BP","blue"
"RHBDD1","grey"
"RHBDD2","brown"
"RHBDD3","blue"
"RHBDF1","brown"
"RHBDF2","grey"
"RHBDL1","blue"
"RHBDL2","pink"
"RHBG","green"
"RHCG","grey"
"RHEB","turquoise"
"RHEX","grey"
"RHNO1","brown"
"RHOA","brown"
"RHOB","grey"
"RHOBTB1","grey"
"RHOBTB2","grey"
"RHOBTB3","grey"
"RHOC","brown"
"RHOD","turquoise"
"RHOF","brown"
"RHOG","red"
"RHOH","red"
"RHOJ","grey"
"RHOQ","grey"
"RHOT1","turquoise"
"RHOT2","turquoise"
"RHOU","grey"
"RHOV","blue"
"RHPN1","blue"
"RHPN1-AS1","blue"
"RHPN2","pink"
"RIC1","turquoise"
"RIC3","green"
"RIC8A","grey"
"RIC8B","yellow"
"RICTOR","grey"
"RIDA","grey"
"RIF1","turquoise"
"RIGI","grey"
"RILP","blue"
"RILPL1","grey"
"RILPL2","grey"
"RIMBP2","greenyellow"
"RIMKLA","grey"
"RIMKLB","grey"
"RIMOC1","blue"
"RIMS1","yellow"
"RIMS2","greenyellow"
"RIN1","turquoise"
"RIN2","black"
"RIN3","red"
"RING1","grey"
"RINT1","turquoise"
"RIOK1","turquoise"
"RIOK2","turquoise"
"RIOK3","turquoise"
"RIOX2","turquoise"
"RIPK1","blue"
"RIPK2","grey"
"RIPK3","grey"
"RIPK4","grey"
"RIPOR1","brown"
"RIPOR2","red"
"RIPPLY3","blue"
"RIT1","turquoise"
"RITA1","blue"
"RLF","grey"
"RLIG1","turquoise"
"RLIM","turquoise"
"RMC1","grey"
"RMDN1","turquoise"
"RMDN2","grey"
"RMDN3","grey"
"RMI1","turquoise"
"RMND1","turquoise"
"RMND5A","turquoise"
"RMND5B","grey"
"RMRP","grey"
"RN7SK","brown"
"RN7SL737P","grey"
"RN7SL832P","grey"
"RNA28SN5","grey"
"RNASE1","grey"
"RNASE2","grey"
"RNASE6","purple"
"RNASEH1","turquoise"
"RNASEH2B","turquoise"
"RNASEH2C","turquoise"
"RNASEK","brown"
"RNASEL","turquoise"
"RNASET2","grey"
"RND1","grey"
"RND2","blue"
"RND3","turquoise"
"RNF10","grey"
"RNF103","grey"
"RNF11","turquoise"
"RNF111","blue"
"RNF113B","blue"
"RNF114","brown"
"RNF115","grey"
"RNF121","turquoise"
"RNF122","grey"
"RNF123","brown"
"RNF125","grey"
"RNF126","turquoise"
"RNF126P1","blue"
"RNF128","pink"
"RNF130","grey"
"RNF133","turquoise"
"RNF135","brown"
"RNF138","turquoise"
"RNF139","grey"
"RNF14","grey"
"RNF141","grey"
"RNF144A","grey"
"RNF144B","grey"
"RNF145","turquoise"
"RNF146","grey"
"RNF148","grey"
"RNF149","brown"
"RNF150","tan"
"RNF152","grey"
"RNF157","grey"
"RNF167","grey"
"RNF168","turquoise"
"RNF169","brown"
"RNF170","blue"
"RNF180","grey"
"RNF181","grey"
"RNF182","grey"
"RNF183","brown"
"RNF185","brown"
"RNF186","green"
"RNF187","turquoise"
"RNF19A","turquoise"
"RNF19B","green"
"RNF2","grey"
"RNF20","turquoise"
"RNF207","grey"
"RNF212","green"
"RNF213","black"
"RNF213-AS1","blue"
"RNF214","grey"
"RNF215","blue"
"RNF217","grey"
"RNF220","brown"
"RNF227","blue"
"RNF24","black"
"RNF26","brown"
"RNF32-DT","grey"
"RNF34","turquoise"
"RNF38","grey"
"RNF39","grey"
"RNF40","brown"
"RNF41","grey"
"RNF43","grey"
"RNF44","turquoise"
"RNF5","blue"
"RNF6","turquoise"
"RNF7","blue"
"RNF8","turquoise"
"RNFT1","grey"
"RNGTT","turquoise"
"RNLS","brown"
"RNMT","turquoise"
"RNPC3","green"
"RNPEP","grey"
"RNPEPL1","brown"
"RNU105B","grey"
"RNU11","brown"
"RNU12","blue"
"RNU2-1","turquoise"
"RNU4-1","turquoise"
"RNU4-2","turquoise"
"RNU4ATAC","turquoise"
"RNU5A-1","turquoise"
"RNU5B-1","cyan"
"RNU5D-1","grey"
"RNU5E-1","turquoise"
"RNU6ATAC","grey"
"RNVU1-15","grey"
"RNVU1-18","turquoise"
"RNVU1-4","grey"
"RNVU1-6","turquoise"
"RNVU1-8","blue"
"RO60","turquoise"
"ROBO1","grey"
"ROBO2","grey"
"ROBO3","blue"
"ROBO4","midnightblue"
"ROCK1","green"
"ROCK1P1","grey"
"ROCK2","turquoise"
"ROGDI","brown"
"ROMO1","brown"
"ROPN1L","grey"
"ROR1","grey"
"ROR2","black"
"RORA","grey"
"RORB","grey"
"RORC","green"
"ROS1","grey"
"RP1","grey"
"RP2","grey"
"RP9","grey"
"RPA2","turquoise"
"RPA4","brown"
"RPAIN","brown"
"RPAP1","turquoise"
"RPAP2","grey"
"RPAP3","grey"
"RPE","turquoise"
"RPF1","blue"
"RPF2","grey"
"RPGR","turquoise"
"RPGRIP1L","grey"
"RPH3A","blue"
"RPH3AL","green"
"RPIA","turquoise"
"RPL10","brown"
"RPL10A","grey"
"RPL11","yellow"
"RPL12","blue"
"RPL13","blue"
"RPL13AP20","brown"
"RPL13AP3","green"
"RPL13AP5","turquoise"
"RPL15","grey"
"RPL17","brown"
"RPL18","brown"
"RPL18A","brown"
"RPL19","turquoise"
"RPL21","brown"
"RPL21P44","turquoise"
"RPL22","turquoise"
"RPL22L1","grey"
"RPL23","turquoise"
"RPL23AP32","grey"
"RPL23AP5","grey"
"RPL23AP53","grey"
"RPL23P8","brown"
"RPL24","yellow"
"RPL26","grey"
"RPL27","brown"
"RPL27A","turquoise"
"RPL28","grey"
"RPL29","yellow"
"RPL3","grey"
"RPL31","grey"
"RPL32","grey"
"RPL34","yellow"
"RPL34-DT","grey"
"RPL35","grey"
"RPL36","brown"
"RPL36A","yellow"
"RPL36AL","yellow"
"RPL37","turquoise"
"RPL37A","grey"
"RPL39","grey"
"RPL39L","grey"
"RPL3L","grey"
"RPL41","brown"
"RPL6","turquoise"
"RPL7","grey"
"RPL7A","grey"
"RPL7L1","turquoise"
"RPL8","brown"
"RPL9","yellow"
"RPLP0","brown"
"RPLP1","turquoise"
"RPLP2","brown"
"RPN1","grey"
"RPN2","grey"
"RPP14","blue"
"RPP25","turquoise"
"RPP25L","brown"
"RPP30","blue"
"RPP38","brown"
"RPP40","grey"
"RPPH1","grey"
"RPRD1A","turquoise"
"RPRD2","brown"
"RPRM","blue"
"RPRML","blue"
"RPS10","brown"
"RPS10-NUDT3","grey"
"RPS10P19","grey"
"RPS12","grey"
"RPS13","brown"
"RPS14","brown"
"RPS14P3","grey"
"RPS15","cyan"
"RPS16","turquoise"
"RPS17","grey"
"RPS18P9","grey"
"RPS19","brown"
"RPS19BP1","grey"
"RPS2","brown"
"RPS20P27","grey"
"RPS21","turquoise"
"RPS23","grey"
"RPS24","turquoise"
"RPS25","grey"
"RPS26","grey"
"RPS27","grey"
"RPS27A","turquoise"
"RPS27L","turquoise"
"RPS28","brown"
"RPS29","grey"
"RPS3A","brown"
"RPS4X","turquoise"
"RPS4Y1","grey"
"RPS4Y2","grey"
"RPS5","green"
"RPS6","turquoise"
"RPS6KA1","grey"
"RPS6KA2","grey"
"RPS6KA3","turquoise"
"RPS6KA5","grey"
"RPS6KA6","grey"
"RPS6KB1","turquoise"
"RPS6KC1","turquoise"
"RPS7","yellow"
"RPS7P1","turquoise"
"RPS9","grey"
"RPSA","grey"
"RPSA2","grey"
"RPSAP15","grey"
"RPSAP19","grey"
"RPTN","grey"
"RPTOR","brown"
"RPUSD1","blue"
"RPUSD2","turquoise"
"RPUSD3","brown"
"RPUSD4","turquoise"
"RRAD","grey"
"RRAGB","turquoise"
"RRAGC","turquoise"
"RRAGD","grey"
"RRAS","brown"
"RRAS2","blue"
"RRBP1","yellow"
"RRM1","turquoise"
"RRM2","magenta"
"RRM2B","turquoise"
"RRN3","turquoise"
"RRN3P1","turquoise"
"RRN3P2","turquoise"
"RRP12","grey"
"RRP15","turquoise"
"RRP36","grey"
"RRP7A","grey"
"RRS1","grey"
"RSAD1","green"
"RSAD2","grey"
"RSBN1","grey"
"RSBN1L","turquoise"
"RSC1A1","blue"
"RSF1","turquoise"
"RSL1D1","grey"
"RSL24D1","brown"
"RSPH1","grey"
"RSPH10B2","grey"
"RSPH3","grey"
"RSPO3","tan"
"RSPO4","blue"
"RSPRY1","turquoise"
"RSRC1","turquoise"
"RSRC2","turquoise"
"RSRP1","grey"
"RSU1","brown"
"RTBDN","blue"
"RTCA","grey"
"RTCB","turquoise"
"RTEL1","turquoise"
"RTF1","brown"
"RTF2","turquoise"
"RTKN","grey"
"RTKN2","magenta"
"RTL1","grey"
"RTL5","grey"
"RTL6","grey"
"RTL8A","brown"
"RTL8B","grey"
"RTL8C","black"
"RTN1","greenyellow"
"RTN3","grey"
"RTN4","turquoise"
"RTN4IP1","grey"
"RTN4R","blue"
"RTN4RL1","grey"
"RTN4RL2","blue"
"RTP1","blue"
"RTP4","grey"
"RTP5","blue"
"RTRAF","turquoise"
"RTTN","turquoise"
"RUBCN","red"
"RUBCNL","purple"
"RUFY1","blue"
"RUFY2","grey"
"RUFY3","grey"
"RUNDC3A","greenyellow"
"RUNDC3B","grey"
"RUNX1","black"
"RUNX1T1","lightgreen"
"RUNX2","black"
"RUNX3","red"
"RUSC1","turquoise"
"RUSC2","grey"
"RUSF1","turquoise"
"RUVBL1","turquoise"
"RUVBL2","grey"
"RWDD1","grey"
"RWDD2A","yellow"
"RWDD2B","brown"
"RWDD3","turquoise"
"RWDD4","grey"
"RXFP1","grey"
"RXFP3","blue"
"RXRA","brown"
"RXRB","grey"
"RXRG","greenyellow"
"RXYLT1","turquoise"
"RYBP","grey"
"RYK","blue"
"RYR2","yellow"
"S100A1","grey"
"S100A10","pink"
"S100A11","pink"
"S100A12","grey"
"S100A13","grey"
"S100A14","pink"
"S100A16","brown"
"S100A2","grey"
"S100A3","grey"
"S100A4","grey"
"S100A6","green"
"S100A7","blue"
"S100A8","grey"
"S100A9","grey"
"S100B","tan"
"S100G","salmon"
"S100P","pink"
"S100PBP","turquoise"
"S100Z","grey"
"S1PR1","tan"
"S1PR2","blue"
"S1PR3","grey"
"S1PR4","grey"
"S1PR5","blue"
"SAA1","grey"
"SAA2","grey"
"SAA2-SAA4","grey"
"SAAL1","turquoise"
"SAC3D1","blue"
"SACM1L","turquoise"
"SACS","grey"
"SAE1","grey"
"SAFB","turquoise"
"SAFB2","turquoise"
"SALL2","grey"
"SALL3","blue"
"SALL4","grey"
"SAMD1","blue"
"SAMD10","turquoise"
"SAMD11","blue"
"SAMD12","pink"
"SAMD13","grey"
"SAMD14","blue"
"SAMD3","purple"
"SAMD4A","grey"
"SAMD4B","brown"
"SAMD5","grey"
"SAMD8","turquoise"
"SAMD9","grey"
"SAMD9L","grey"
"SAMHD1","purple"
"SAMM50","brown"
"SAMSN1","purple"
"SAMTOR","blue"
"SANBR","turquoise"
"SAP130","brown"
"SAP25","turquoise"
"SAP30","blue"
"SAP30BP","turquoise"
"SAPCD2","blue"
"SAR1A","grey"
"SAR1B","turquoise"
"SARAF","turquoise"
"SARDH","green"
"SARNP","turquoise"
"SARS1","grey"
"SARS2","turquoise"
"SART1","grey"
"SART3","turquoise"
"SASH1","tan"
"SASH3","red"
"SASS6","grey"
"SAT1","purple"
"SAT2","yellow"
"SATB1","grey"
"SATB2","grey"
"SAV1","grey"
"SAXO2","grey"
"SAXO4","turquoise"
"SAYSD1","turquoise"
"SBDS","grey"
"SBF1","turquoise"
"SBF2","black"
"SBK1","blue"
"SBK2","blue"
"SBNO1","turquoise"
"SBNO2","yellow"
"SBSPON","grey"
"SC5D","brown"
"SCAF1","turquoise"
"SCAF11","grey"
"SCAF4","grey"
"SCAF8","grey"
"SCAI","turquoise"
"SCAMP1","grey"
"SCAMP2","brown"
"SCAMP4","brown"
"SCAMP5","yellow"
"SCAND1","blue"
"SCAND3","grey"
"SCAP","turquoise"
"SCAPER","turquoise"
"SCARA3","turquoise"
"SCARA5","midnightblue"
"SCARB1","grey"
"SCARB2","grey"
"SCARF2","turquoise"
"SCARNA1","grey"
"SCARNA10","grey"
"SCARNA11","grey"
"SCARNA12","brown"
"SCARNA13","turquoise"
"SCARNA15","turquoise"
"SCARNA16","brown"
"SCARNA17","brown"
"SCARNA22","grey"
"SCARNA4","turquoise"
"SCARNA5","grey"
"SCARNA6","grey"
"SCARNA7","turquoise"
"SCARNA8","grey"
"SCARNA9","brown"
"SCARNA9L","brown"
"SCART1","turquoise"
"SCCPDH","turquoise"
"SCD","grey"
"SCD5","grey"
"SCEL","pink"
"SCFD1","grey"
"SCFD2","blue"
"SCG2","greenyellow"
"SCG3","greenyellow"
"SCG5","greenyellow"
"SCGB1A1","grey"
"SCGB1C2","blue"
"SCGB2A1","grey"
"SCGB2B2","green"
"SCGB3A1","blue"
"SCGN","greenyellow"
"SCHIP1","grey"
"SCIMP","red"
"SCIN","grey"
"SCLT1","grey"
"SCLY","green"
"SCMH1","grey"
"SCML1","grey"
"SCML2","grey"
"SCML4","grey"
"SCN2A","grey"
"SCN2B","blue"
"SCN3A","grey"
"SCN3B","grey"
"SCN4A","blue"
"SCN4B","grey"
"SCN7A","grey"
"SCN8A","grey"
"SCN9A","grey"
"SCNM1","black"
"SCNN1A","pink"
"SCNN1B","grey"
"SCNN1G","grey"
"SCO1","turquoise"
"SCOC","grey"
"SCP2","turquoise"
"SCPEP1","purple"
"SCRG1","grey"
"SCRN1","grey"
"SCRN3","brown"
"SCRT2","blue"
"SCT","blue"
"SCTR","yellow"
"SCUBE2","grey"
"SCUBE3","grey"
"SCX","blue"
"SCYL1","brown"
"SCYL2","grey"
"SCYL3","grey"
"SDAD1","turquoise"
"SDC1","pink"
"SDC2","grey"
"SDC3","brown"
"SDC4","pink"
"SDCBP","black"
"SDCBP2","pink"
"SDCCAG8","turquoise"
"SDE2","turquoise"
"SDF2","turquoise"
"SDF2L1","grey"
"SDHA","grey"
"SDHAF2","turquoise"
"SDHAP1","grey"
"SDHAP2","grey"
"SDHB","grey"
"SDHC","brown"
"SDHD","brown"
"SDK1","green"
"SDK2","blue"
"SDR16C5","pink"
"SDR39U1","grey"
"SDR42E1","lightcyan"
"SDS","grey"
"SDSL","turquoise"
"SEC11A","turquoise"
"SEC11C","yellow"
"SEC13","grey"
"SEC14L1","grey"
"SEC14L2","pink"
"SEC14L4","grey"
"SEC14L5","blue"
"SEC16B","grey"
"SEC1P","grey"
"SEC22A","grey"
"SEC22B","grey"
"SEC22C","grey"
"SEC23A","green"
"SEC23B","grey"
"SEC23IP","turquoise"
"SEC24A","grey"
"SEC24B","blue"
"SEC24C","turquoise"
"SEC24D","grey"
"SEC31A","grey"
"SEC31B","grey"
"SEC61A1","brown"
"SEC61A2","grey"
"SEC61B","green"
"SEC61G","turquoise"
"SEC62","yellow"
"SEC63","yellow"
"SECISBP2","grey"
"SECISBP2L","grey"
"SECTM1","grey"
"SEH1L","turquoise"
"SEL1L","yellow"
"SEL1L3","grey"
"SELE","grey"
"SELENBP1","grey"
"SELENOF","brown"
"SELENOH","turquoise"
"SELENOI","turquoise"
"SELENOK","grey"
"SELENOM","turquoise"
"SELENON","brown"
"SELENOO","turquoise"
"SELENOP","tan"
"SELENOS","grey"
"SELENOT","brown"
"SELENOV","blue"
"SELENOW","grey"
"SELL","red"
"SELP","tan"
"SELPLG","red"
"SEMA3A","green"
"SEMA3B","grey"
"SEMA3C","black"
"SEMA3D","grey"
"SEMA3E","grey"
"SEMA3F","grey"
"SEMA3G","midnightblue"
"SEMA4A","grey"
"SEMA4B","pink"
"SEMA4C","grey"
"SEMA4D","red"
"SEMA4G","grey"
"SEMA5A","grey"
"SEMA6A","grey"
"SEMA6B","grey"
"SEMA6D","grey"
"SEMA7A","pink"
"SENP1","brown"
"SENP2","turquoise"
"SENP5","turquoise"
"SENP6","turquoise"
"SENP7","grey"
"SEPHS2","blue"
"SEPSECS","turquoise"
"SEPT5-GP1BB","turquoise"
"SEPTIN1","red"
"SEPTIN10","grey"
"SEPTIN11","black"
"SEPTIN3","grey"
"SEPTIN6","red"
"SEPTIN7","turquoise"
"SEPTIN7P13","grey"
"SEPTIN8","black"
"SEPTIN9","brown"
"SERAC1","yellow"
"SERBP1","turquoise"
"SERF1B","brown"
"SERGEF","grey"
"SERINC1","turquoise"
"SERINC2","pink"
"SERINC3","brown"
"SERINC5","blue"
"SERP1","green"
"SERPINA1","grey"
"SERPINA3","grey"
"SERPINA4","yellow"
"SERPINA5","yellow"
"SERPINA6","yellow"
"SERPINB1","grey"
"SERPINB13","grey"
"SERPINB2","grey"
"SERPINB3","grey"
"SERPINB4","grey"
"SERPINB5","pink"
"SERPINB6","brown"
"SERPINB7","grey"
"SERPINB8","black"
"SERPINB9","black"
"SERPINB9P1","grey"
"SERPIND1","grey"
"SERPINE1","grey"
"SERPINE2","grey"
"SERPINF1","grey"
"SERPING1","grey"
"SERPINH1","black"
"SERPINI1","yellow"
"SERPINI2","yellow"
"SERTAD1","grey"
"SERTAD2","grey"
"SERTAD3","black"
"SERTAD4","grey"
"SERTAD4BP","greenyellow"
"SERTM1","grey"
"SESN1","grey"
"SESN2","blue"
"SESN3","turquoise"
"SESTD1","turquoise"
"SET","grey"
"SETBP1","grey"
"SETD1A","turquoise"
"SETD1B","turquoise"
"SETD4","turquoise"
"SETD5","brown"
"SETD6","green"
"SETD7","grey"
"SETD9","grey"
"SETDB1","blue"
"SETDB2","turquoise"
"SETMAR","grey"
"SETSIP","grey"
"SETX","turquoise"
"SEZ6","blue"
"SEZ6L","greenyellow"
"SEZ6L2","grey"
"SF1","grey"
"SF3A1","brown"
"SF3A2","turquoise"
"SF3A3","grey"
"SF3B2","turquoise"
"SF3B3","blue"
"SF3B4","turquoise"
"SF3B5","brown"
"SF3B6","grey"
"SFI1","red"
"SFMBT1","turquoise"
"SFMBT2","red"
"SFN","pink"
"SFPQ","turquoise"
"SFR1","grey"
"SFRP1","tan"
"SFRP2","black"
"SFRP4","turquoise"
"SFRP5","yellow"
"SFT2D1","turquoise"
"SFT2D2","black"
"SFTA2","grey"
"SFXN1","magenta"
"SFXN2","green"
"SFXN3","brown"
"SFXN4","grey"
"SGCA","blue"
"SGCB","turquoise"
"SGCD","turquoise"
"SGCE","grey"
"SGF29","brown"
"SGIP1","black"
"SGK1","grey"
"SGK2","green"
"SGK3","grey"
"SGMS1","grey"
"SGMS2","grey"
"SGO1","magenta"
"SGO2","magenta"
"SGPL1","blue"
"SGPP2","pink"
"SGSH","brown"
"SGSM1","green"
"SGSM3","turquoise"
"SGTA","brown"
"SGTB","turquoise"
"SH2B3","red"
"SH2D1A","purple"
"SH2D1B","grey"
"SH2D2A","grey"
"SH2D3A","grey"
"SH2D3C","red"
"SH2D4A","pink"
"SH3BGR","grey"
"SH3BGRL","grey"
"SH3BGRL2","grey"
"SH3BP1","turquoise"
"SH3BP2","grey"
"SH3BP4","green"
"SH3BP5","grey"
"SH3D19","lightgreen"
"SH3D21","grey"
"SH3GL1","brown"
"SH3GL2","greenyellow"
"SH3GLB1","turquoise"
"SH3GLB2","grey"
"SH3KBP1","black"
"SH3PXD2A","brown"
"SH3PXD2B","brown"
"SH3RF1","pink"
"SH3RF2","pink"
"SH3RF3","turquoise"
"SH3TC1","grey"
"SH3TC2","grey"
"SH3YL1","yellow"
"SHANK2","green"
"SHANK3","midnightblue"
"SHARPIN","turquoise"
"SHB","turquoise"
"SHC1","brown"
"SHC2","green"
"SHC3","green"
"SHC4","grey"
"SHCBP1","magenta"
"SHD","blue"
"SHE","tan"
"SHF","grey"
"SHFL","turquoise"
"SHH","grey"
"SHISA2","grey"
"SHISA3","grey"
"SHISA4","turquoise"
"SHISA5","brown"
"SHISA7","blue"
"SHISA9","green"
"SHISAL1","grey"
"SHISAL2A","grey"
"SHISAL2B","greenyellow"
"SHKBP1","brown"
"SHLD2","turquoise"
"SHLD2P1","turquoise"
"SHMT1","grey"
"SHMT2","brown"
"SHOC2","grey"
"SHOX","blue"
"SHOX2","grey"
"SHPK","turquoise"
"SHPRH","turquoise"
"SHQ1","turquoise"
"SHROOM1","blue"
"SHROOM2","turquoise"
"SHROOM3","pink"
"SHROOM4","grey"
"SHTN1","grey"
"SI","salmon"
"SIAE","grey"
"SIAH1","turquoise"
"SIAH2","blue"
"SIDT1","grey"
"SIDT2","green"
"SIGIRR","turquoise"
"SIGLEC1","grey"
"SIGLEC10","grey"
"SIGLEC11","grey"
"SIGLEC12","blue"
"SIGLEC14","grey"
"SIGLEC15","blue"
"SIGLEC16","grey"
"SIGLEC17P","grey"
"SIGLEC5","grey"
"SIGLEC6","grey"
"SIGLEC9","grey"
"SIGMAR1","brown"
"SIK1","grey"
"SIK2","grey"
"SIK3","brown"
"SIKE1","grey"
"SIL1","yellow"
"SIM1","greenyellow"
"SIM2","grey"
"SIMC1","grey"
"SIN3A","blue"
"SIN3B","turquoise"
"SINHCAF","grey"
"SIPA1L1","brown"
"SIPA1L2","turquoise"
"SIPA1L3","brown"
"SIRPA","grey"
"SIRPB1","grey"
"SIRPB2","grey"
"SIRPG","red"
"SIRT1","turquoise"
"SIRT3","turquoise"
"SIRT4","brown"
"SIRT5","turquoise"
"SIRT6","turquoise"
"SIRT7","grey"
"SIT1","red"
"SIVA1","blue"
"SIX1","grey"
"SIX2","blue"
"SIX4","grey"
"SIX5","blue"
"SIX6","blue"
"SKA2","grey"
"SKA3","magenta"
"SKAP1","red"
"SKAP2","green"
"SKI","turquoise"
"SKIC2","turquoise"
"SKIC3","turquoise"
"SKIC8","grey"
"SKIDA1","blue"
"SKIL","turquoise"
"SKOR2","blue"
"SKP1","turquoise"
"SKP2","grey"
"SLA","purple"
"SLA2","red"
"SLAIN1","grey"
"SLAIN2","brown"
"SLAMF1","red"
"SLAMF6","red"
"SLAMF7","red"
"SLAMF8","red"
"SLBP","grey"
"SLC10A2","salmon"
"SLC10A3","turquoise"
"SLC10A4","blue"
"SLC10A5","grey"
"SLC10A6","grey"
"SLC10A7","brown"
"SLC11A1","grey"
"SLC11A2","blue"
"SLC12A2","grey"
"SLC12A4","grey"
"SLC12A6","black"
"SLC12A7","brown"
"SLC12A8","grey"
"SLC12A9","brown"
"SLC13A2","salmon"
"SLC13A3","green"
"SLC13A5","grey"
"SLC14A1","grey"
"SLC15A1","grey"
"SLC15A2","grey"
"SLC15A3","purple"
"SLC15A4","blue"
"SLC16A1","green"
"SLC16A10","yellow"
"SLC16A11","blue"
"SLC16A12","yellow"
"SLC16A13","grey"
"SLC16A14","grey"
"SLC16A2","grey"
"SLC16A3","pink"
"SLC16A4","grey"
"SLC16A5","grey"
"SLC16A6","grey"
"SLC16A7","grey"
"SLC16A8","blue"
"SLC16A9","grey"
"SLC17A4","yellow"
"SLC17A5","blue"
"SLC17A6","greenyellow"
"SLC17A7","blue"
"SLC17A9","grey"
"SLC18A2","grey"
"SLC18B1","turquoise"
"SLC19A1","turquoise"
"SLC19A2","grey"
"SLC19A3","grey"
"SLC1A1","grey"
"SLC1A2","yellow"
"SLC1A3","grey"
"SLC1A4","green"
"SLC1A5","grey"
"SLC20A1","turquoise"
"SLC20A2","turquoise"
"SLC22A15","turquoise"
"SLC22A17","turquoise"
"SLC22A23","green"
"SLC22A3","green"
"SLC22A31","green"
"SLC22A4","grey"
"SLC22A5","grey"
"SLC23A1","grey"
"SLC23A2","grey"
"SLC23A3","grey"
"SLC24A1","grey"
"SLC24A2","grey"
"SLC24A3","grey"
"SLC25A1","brown"
"SLC25A10","turquoise"
"SLC25A11","brown"
"SLC25A12","green"
"SLC25A13","blue"
"SLC25A14","turquoise"
"SLC25A15","yellow"
"SLC25A16","turquoise"
"SLC25A18","grey"
"SLC25A19","grey"
"SLC25A2","grey"
"SLC25A20","grey"
"SLC25A21","grey"
"SLC25A22","turquoise"
"SLC25A23","grey"
"SLC25A24","turquoise"
"SLC25A25","grey"
"SLC25A26","turquoise"
"SLC25A27","grey"
"SLC25A29","turquoise"
"SLC25A3","turquoise"
"SLC25A30","turquoise"
"SLC25A32","turquoise"
"SLC25A33","brown"
"SLC25A34","grey"
"SLC25A35","grey"
"SLC25A36","yellow"
"SLC25A37","grey"
"SLC25A38","grey"
"SLC25A39","brown"
"SLC25A4","grey"
"SLC25A40","brown"
"SLC25A42","blue"
"SLC25A44","grey"
"SLC25A45","green"
"SLC25A47","blue"
"SLC25A48","blue"
"SLC25A5","green"
"SLC25A5-AS1","blue"
"SLC25A6","brown"
"SLC26A1","blue"
"SLC26A10P","grey"
"SLC26A11","turquoise"
"SLC26A2","grey"
"SLC26A3","salmon"
"SLC26A6","grey"
"SLC26A9","grey"
"SLC27A1","grey"
"SLC27A2","grey"
"SLC27A4","grey"
"SLC27A5","blue"
"SLC28A1","salmon"
"SLC28A2","salmon"
"SLC28A3","lightcyan"
"SLC29A1","grey"
"SLC29A2","grey"
"SLC29A4","greenyellow"
"SLC2A1","pink"
"SLC2A10","grey"
"SLC2A11","green"
"SLC2A12","grey"
"SLC2A13","grey"
"SLC2A14","grey"
"SLC2A2","grey"
"SLC2A3","grey"
"SLC2A4RG","turquoise"
"SLC2A5","grey"
"SLC2A6","blue"
"SLC2A8","turquoise"
"SLC2A9","grey"
"SLC30A1","grey"
"SLC30A10","salmon"
"SLC30A2","yellow"
"SLC30A3","blue"
"SLC30A4","grey"
"SLC30A5","turquoise"
"SLC30A6","brown"
"SLC30A7","brown"
"SLC30A8","greenyellow"
"SLC30A9","grey"
"SLC31A1","brown"
"SLC31A2","grey"
"SLC32A1","blue"
"SLC33A1","yellow"
"SLC34A2","grey"
"SLC34A3","blue"
"SLC35A1","turquoise"
"SLC35A3","turquoise"
"SLC35A4","brown"
"SLC35A5","blue"
"SLC35B1","brown"
"SLC35B2","brown"
"SLC35B3","turquoise"
"SLC35B4","turquoise"
"SLC35C1","brown"
"SLC35C2","brown"
"SLC35D1","turquoise"
"SLC35D2","grey"
"SLC35D3","grey"
"SLC35E1","grey"
"SLC35E2A","grey"
"SLC35E3","turquoise"
"SLC35F1","grey"
"SLC35F2","magenta"
"SLC35F3","grey"
"SLC35F4","grey"
"SLC35F5","turquoise"
"SLC35F6","brown"
"SLC35G1","black"
"SLC35G3","grey"
"SLC35G6","blue"
"SLC36A1","grey"
"SLC36A4","turquoise"
"SLC37A1","pink"
"SLC37A2","grey"
"SLC37A3","turquoise"
"SLC37A4","green"
"SLC38A1","grey"
"SLC38A10","grey"
"SLC38A11","grey"
"SLC38A2","grey"
"SLC38A3","green"
"SLC38A4","grey"
"SLC38A5","yellow"
"SLC38A6","blue"
"SLC38A7","grey"
"SLC38A8","blue"
"SLC38A9","grey"
"SLC39A1","brown"
"SLC39A10","turquoise"
"SLC39A11","brown"
"SLC39A13","brown"
"SLC39A14","green"
"SLC39A4","grey"
"SLC39A5","green"
"SLC39A6","grey"
"SLC39A7","grey"
"SLC39A8","yellow"
"SLC39A9","grey"
"SLC3A1","yellow"
"SLC3A2","brown"
"SLC40A1","grey"
"SLC41A1","green"
"SLC41A2","grey"
"SLC41A3","grey"
"SLC43A1","green"
"SLC43A2","red"
"SLC43A3","brown"
"SLC44A1","turquoise"
"SLC44A2","brown"
"SLC44A3","lightcyan"
"SLC44A5","grey"
"SLC45A1","blue"
"SLC45A3","grey"
"SLC45A4","grey"
"SLC46A1","grey"
"SLC46A3","blue"
"SLC47A1","grey"
"SLC48A1","turquoise"
"SLC49A3","turquoise"
"SLC49A4","brown"
"SLC4A10","greenyellow"
"SLC4A11","pink"
"SLC4A2","turquoise"
"SLC4A3","grey"
"SLC4A4","yellow"
"SLC4A7","turquoise"
"SLC4A8","grey"
"SLC50A1","brown"
"SLC51A","salmon"
"SLC51B","grey"
"SLC52A2","grey"
"SLC52A3","grey"
"SLC5A1","grey"
"SLC5A10","blue"
"SLC5A12","grey"
"SLC5A3","grey"
"SLC5A4","grey"
"SLC5A5","grey"
"SLC5A6","grey"
"SLC5A9","grey"
"SLC66A1","blue"
"SLC66A1LP","grey"
"SLC66A2","turquoise"
"SLC66A3","grey"
"SLC67A1","grey"
"SLC6A1","grey"
"SLC6A10P","pink"
"SLC6A14","pink"
"SLC6A16","green"
"SLC6A17","greenyellow"
"SLC6A19","salmon"
"SLC6A20","grey"
"SLC6A3","blue"
"SLC6A4","grey"
"SLC6A6","black"
"SLC6A8","blue"
"SLC6A9","turquoise"
"SLC7A1","grey"
"SLC7A10","midnightblue"
"SLC7A11","grey"
"SLC7A14","greenyellow"
"SLC7A2","yellow"
"SLC7A3","grey"
"SLC7A5","grey"
"SLC7A5P2","grey"
"SLC7A6","purple"
"SLC7A7","grey"
"SLC7A8","grey"
"SLC7A9","salmon"
"SLC8A1","purple"
"SLC8A2","green"
"SLC8B1","grey"
"SLC9A1","brown"
"SLC9A2","grey"
"SLC9A3","grey"
"SLC9A3-OT1","grey"
"SLC9A4","grey"
"SLC9A6","blue"
"SLC9A7","grey"
"SLC9A8","brown"
"SLC9A9","purple"
"SLC9B1","grey"
"SLC9B2","green"
"SLCO1A2","grey"
"SLCO1B1","grey"
"SLCO1B3","grey"
"SLCO1B7","grey"
"SLCO1C1","grey"
"SLCO2A1","grey60"
"SLCO2B1","red"
"SLCO3A1","black"
"SLCO4A1","grey"
"SLCO4A1-AS1","blue"
"SLCO4C1","grey"
"SLCO5A1","grey"
"SLED1","grey"
"SLF1","turquoise"
"SLF2","turquoise"
"SLFN11","grey"
"SLFN12","turquoise"
"SLFN12L","purple"
"SLFN13","grey"
"SLFN5","grey"
"SLIRP","grey"
"SLIRP-OT1","blue"
"SLIT2","lightgreen"
"SLIT3","tan"
"SLITRK1","yellow"
"SLITRK3","grey"
"SLITRK5","turquoise"
"SLITRK6","grey"
"SLK","grey"
"SLMAP","turquoise"
"SLN","grey"
"SLPI","pink"
"SLTM","turquoise"
"SLU7","turquoise"
"SLX1A","brown"
"SLX4IP","grey"
"SLX9","grey"
"SMAD1","grey"
"SMAD2","turquoise"
"SMAD3","grey"
"SMAD4","grey"
"SMAD5","blue"
"SMAD6","grey"
"SMAD7","grey"
"SMAD9","grey"
"SMAGP","pink"
"SMAP1","grey"
"SMAP2","red"
"SMARCA1","turquoise"
"SMARCA2","grey"
"SMARCA4","grey"
"SMARCA5","turquoise"
"SMARCAD1","turquoise"
"SMARCB1","brown"
"SMARCD1","brown"
"SMARCD2","turquoise"
"SMARCD3","grey"
"SMARCE1","turquoise"
"SMC1A","blue"
"SMC2","magenta"
"SMC3","turquoise"
"SMC4","magenta"
"SMC6","turquoise"
"SMCHD1","turquoise"
"SMCO4","grey"
"SMCR8","turquoise"
"SMDT1","grey"
"SMG1","turquoise"
"SMG1P1","grey"
"SMG1P5","grey"
"SMG5","grey"
"SMG7","brown"
"SMG9","brown"
"SMIM10","grey"
"SMIM10L2B-AS1","grey"
"SMIM14","grey"
"SMIM15","turquoise"
"SMIM19","brown"
"SMIM20","turquoise"
"SMIM24","grey"
"SMIM3","grey"
"SMIM30","grey"
"SMIM43","blue"
"SMIM45","blue"
"SMIM5","grey"
"SMIM7","grey"
"SMIM8","turquoise"
"SMN2","grey"
"SMNDC1","grey"
"SMOC1","grey"
"SMOC2","grey"
"SMOX","grey"
"SMPD1","grey"
"SMPD2","grey"
"SMPD3","grey"
"SMPD4","brown"
"SMPD4BP","brown"
"SMPDL3A","grey"
"SMPDL3B","green"
"SMS","grey"
"SMTN","grey"
"SMTNL2","blue"
"SMU1","grey"
"SMURF1","pink"
"SMURF2","grey"
"SMURF2P1-LRRC37BP1","blue"
"SMYD1","grey"
"SMYD2","grey"
"SMYD3","grey"
"SMYD5","grey"
"SNAI1","grey"
"SNAI2","brown"
"SNAI3","turquoise"
"SNAI3-AS1","grey"
"SNAP23","brown"
"SNAP25","greenyellow"
"SNAP29","brown"
"SNAP47","brown"
"SNAP91","greenyellow"
"SNAPC1","grey"
"SNAPC3","brown"
"SNAPIN","grey"
"SNCA","grey"
"SNCAIP","grey"
"SNCB","blue"
"SNCG","grey"
"SND1","yellow"
"SND1-IT1","grey"
"SNED1","grey60"
"SNF8","grey"
"SNHG12","green"
"SNHG17","grey"
"SNHG29","grey"
"SNHG32","grey"
"SNORA1","grey"
"SNORA10","grey"
"SNORA13","grey"
"SNORA14A","grey"
"SNORA14B","grey"
"SNORA15","grey"
"SNORA16A","brown"
"SNORA16B","grey"
"SNORA19","turquoise"
"SNORA20","cyan"
"SNORA21","brown"
"SNORA22","turquoise"
"SNORA23","brown"
"SNORA24","brown"
"SNORA27","brown"
"SNORA28","grey"
"SNORA29","brown"
"SNORA2A","grey"
"SNORA2B","turquoise"
"SNORA33","turquoise"
"SNORA35","blue"
"SNORA36A","grey"
"SNORA36C","grey"
"SNORA37","brown"
"SNORA38","grey"
"SNORA38B","cyan"
"SNORA3A","turquoise"
"SNORA3B","grey"
"SNORA4","turquoise"
"SNORA40","grey"
"SNORA41","brown"
"SNORA44","grey"
"SNORA46","brown"
"SNORA48","blue"
"SNORA49","cyan"
"SNORA50A","turquoise"
"SNORA51","grey"
"SNORA52","turquoise"
"SNORA54","turquoise"
"SNORA55","green"
"SNORA57","turquoise"
"SNORA59B","grey"
"SNORA5A","blue"
"SNORA5B","brown"
"SNORA5C","grey"
"SNORA6","grey"
"SNORA60","turquoise"
"SNORA61","grey"
"SNORA62","grey"
"SNORA64","blue"
"SNORA65","blue"
"SNORA67","grey"
"SNORA68","turquoise"
"SNORA70","cyan"
"SNORA70B","turquoise"
"SNORA70C","turquoise"
"SNORA70D","brown"
"SNORA70E","grey"
"SNORA70F","turquoise"
"SNORA70G","cyan"
"SNORA71A","turquoise"
"SNORA71B","cyan"
"SNORA71C","turquoise"
"SNORA71D","turquoise"
"SNORA73A","grey"
"SNORA74A","grey"
"SNORA75","grey"
"SNORA7B","brown"
"SNORA8","grey"
"SNORA80A","blue"
"SNORA80B","blue"
"SNORA80E","cyan"
"SNORA9","grey"
"SNORC","blue"
"SNORD101","brown"
"SNORD102","turquoise"
"SNORD103A","grey"
"SNORD104","cyan"
"SNORD105","brown"
"SNORD109B","grey"
"SNORD113-3","grey"
"SNORD113-4","grey"
"SNORD114-2","grey"
"SNORD114-26","cyan"
"SNORD114-3","cyan"
"SNORD114-6","grey"
"SNORD115-1","grey"
"SNORD115-23","grey"
"SNORD115-24","grey"
"SNORD115-25","grey"
"SNORD115-32","grey"
"SNORD115-33","grey"
"SNORD115-38","grey"
"SNORD115-44","grey"
"SNORD115-7","grey"
"SNORD116-1","cyan"
"SNORD116-11","cyan"
"SNORD116-13","cyan"
"SNORD116-14","cyan"
"SNORD116-15","cyan"
"SNORD116-18","grey"
"SNORD116-19","cyan"
"SNORD116-2","grey"
"SNORD116-20","cyan"
"SNORD116-21","grey"
"SNORD116-22","cyan"
"SNORD116-23","cyan"
"SNORD116-24","cyan"
"SNORD116-25","cyan"
"SNORD116-26","cyan"
"SNORD116-27","cyan"
"SNORD116-28","turquoise"
"SNORD116-29","grey"
"SNORD116-3","cyan"
"SNORD116-4","cyan"
"SNORD116-6","cyan"
"SNORD117","grey"
"SNORD12C","grey"
"SNORD13","turquoise"
"SNORD13P2","turquoise"
"SNORD13P3","cyan"
"SNORD14C","grey"
"SNORD14E","grey"
"SNORD15A","grey"
"SNORD15B","blue"
"SNORD1A","brown"
"SNORD1C","grey"
"SNORD20","turquoise"
"SNORD21","turquoise"
"SNORD22","grey"
"SNORD24","cyan"
"SNORD25","grey"
"SNORD26","grey"
"SNORD27","grey"
"SNORD28","grey"
"SNORD29","brown"
"SNORD30","grey"
"SNORD31","grey"
"SNORD32A","turquoise"
"SNORD32B","turquoise"
"SNORD33","turquoise"
"SNORD34","grey"
"SNORD35A","brown"
"SNORD36B","brown"
"SNORD38A","brown"
"SNORD38B","grey"
"SNORD3B-1","brown"
"SNORD41","brown"
"SNORD42A","brown"
"SNORD42B","grey"
"SNORD43","grey"
"SNORD44","turquoise"
"SNORD45A","brown"
"SNORD45B","grey"
"SNORD45C","turquoise"
"SNORD46","turquoise"
"SNORD47","grey"
"SNORD49A","grey"
"SNORD4A","brown"
"SNORD4B","brown"
"SNORD5","turquoise"
"SNORD50A","grey"
"SNORD50B","turquoise"
"SNORD51","grey"
"SNORD52","turquoise"
"SNORD53","grey"
"SNORD54","grey"
"SNORD55","grey"
"SNORD56B","grey"
"SNORD57","turquoise"
"SNORD58A","grey"
"SNORD59A","grey"
"SNORD59B","turquoise"
"SNORD6","blue"
"SNORD60","grey"
"SNORD61","grey"
"SNORD62A","grey"
"SNORD63","grey"
"SNORD64","grey"
"SNORD7","turquoise"
"SNORD74","brown"
"SNORD75","turquoise"
"SNORD76","grey"
"SNORD77","turquoise"
"SNORD78","turquoise"
"SNORD79","grey"
"SNORD8","brown"
"SNORD80","brown"
"SNORD81","turquoise"
"SNORD82","brown"
"SNORD83A","grey"
"SNORD83B","turquoise"
"SNORD94","blue"
"SNORD95","brown"
"SNORD96A","grey"
"SNORD96B","brown"
"SNRK","grey"
"SNRNP200","grey"
"SNRNP25","grey"
"SNRNP27","grey"
"SNRNP40","turquoise"
"SNRNP48","grey"
"SNRPA","brown"
"SNRPA1","turquoise"
"SNRPB","brown"
"SNRPB2","grey"
"SNRPC","grey"
"SNRPD1","turquoise"
"SNRPD2","grey"
"SNRPD3","brown"
"SNRPE","turquoise"
"SNRPF","turquoise"
"SNRPG","turquoise"
"SNRPN","grey"
"SNTA1","blue"
"SNTB1","green"
"SNTB2","black"
"SNTG1","greenyellow"
"SNTG2","grey"
"SNU13","turquoise"
"SNUPN","blue"
"SNW1","turquoise"
"SNX1","grey"
"SNX10","purple"
"SNX12","grey"
"SNX13","turquoise"
"SNX14","turquoise"
"SNX16","grey"
"SNX17","grey"
"SNX2","grey"
"SNX20","grey"
"SNX21","blue"
"SNX24","turquoise"
"SNX25","turquoise"
"SNX27","grey"
"SNX29","red"
"SNX29P1","red"
"SNX29P2","grey"
"SNX30","blue"
"SNX33","brown"
"SNX4","turquoise"
"SNX5","grey"
"SNX6","turquoise"
"SNX7","turquoise"
"SNX9","black"
"SOAT1","yellow"
"SOAT2","blue"
"SOBP","grey60"
"SOCS1","turquoise"
"SOCS2","grey"
"SOCS3","grey"
"SOCS4","grey"
"SOCS5","turquoise"
"SOCS6","turquoise"
"SOCS7","green"
"SOD1","turquoise"
"SOD2","grey"
"SOD3","turquoise"
"SOHLH1","blue"
"SON","grey"
"SORBS1","tan"
"SORBS2","yellow"
"SORBS3","grey60"
"SORCS1","grey"
"SORCS2","grey"
"SORD","grey"
"SORL1","grey"
"SORT1","grey"
"SOS1","grey"
"SOS2","grey"
"SOST","blue"
"SOSTDC1","grey"
"SOWAHA","grey"
"SOWAHB","grey"
"SOWAHC","grey"
"SOWAHD","blue"
"SOX1","blue"
"SOX12","blue"
"SOX13","turquoise"
"SOX14","blue"
"SOX15","blue"
"SOX17","grey"
"SOX18","blue"
"SOX2","grey"
"SOX21","blue"
"SOX3","blue"
"SOX4","grey"
"SOX5","grey"
"SOX6","yellow"
"SOX7","blue"
"SOX8","blue"
"SOX9","grey"
"SP1","blue"
"SP100","grey"
"SP110","purple"
"SP140","red"
"SP140L","grey"
"SP2","brown"
"SP4","grey"
"SP5","blue"
"SP6","blue"
"SP8","blue"
"SPA17","brown"
"SPACA3","grey"
"SPACDR","blue"
"SPAG1","grey"
"SPAG16","grey"
"SPAG17","grey"
"SPAG4","green"
"SPAG5","magenta"
"SPAG7","turquoise"
"SPAG9","turquoise"
"SPANXA2-OT1","blue"
"SPANXC","blue"
"SPARC","black"
"SPARCL1","tan"
"SPART","turquoise"
"SPAST","turquoise"
"SPATA13","yellow"
"SPATA17","grey"
"SPATA18","grey"
"SPATA20","grey"
"SPATA2L","blue"
"SPATA3","blue"
"SPATA31A1","grey"
"SPATA31G1","grey"
"SPATA41","grey"
"SPATA6","grey"
"SPATA6L","grey"
"SPATA7","grey"
"SPATC1","blue"
"SPATC1L","turquoise"
"SPATS2","grey"
"SPATS2L","turquoise"
"SPC25","grey"
"SPCS1","grey"
"SPCS2","grey"
"SPCS3","grey"
"SPDEF","grey"
"SPDL1","grey"
"SPDYE2","grey"
"SPDYE5","grey"
"SPECC1","black"
"SPECC1L","grey"
"SPEF1","blue"
"SPEG","blue"
"SPEM1","blue"
"SPEN-AS1","blue"
"SPG11","blue"
"SPG21","blue"
"SPHK1","grey"
"SPHK2","turquoise"
"SPI1","red"
"SPIB","grey"
"SPIC","grey"
"SPICE1","brown"
"SPIN1","brown"
"SPIN2B","brown"
"SPIN3","grey"
"SPIN4","grey"
"SPINDOC","blue"
"SPINK1","yellow"
"SPINK4","grey"
"SPINK5","grey"
"SPINK6","grey"
"SPINT1","pink"
"SPINT2","pink"
"SPIRE1","grey"
"SPIRE2","blue"
"SPMAP2","blue"
"SPMIP4","grey"
"SPMIP6","blue"
"SPMIP8","blue"
"SPN","red"
"SPNS1","turquoise"
"SPNS2","grey"
"SPOCD1","grey"
"SPOCK1","black"
"SPOCK2","red"
"SPOCK3","grey"
"SPON1","black"
"SPON2","brown"
"SPOP","turquoise"
"SPOPL","turquoise"
"SPOUT1","turquoise"
"SPP1","grey"
"SPPL2A","blue"
"SPPL2B","turquoise"
"SPPL2C","blue"
"SPPL3","blue"
"SPR","green"
"SPRED1","turquoise"
"SPRED2","brown"
"SPRED3","blue"
"SPRING1","brown"
"SPRN","blue"
"SPRR1A","grey"
"SPRR1B","grey"
"SPRR2A","grey"
"SPRR2G","turquoise"
"SPRR3","grey"
"SPRR4","blue"
"SPRTN","blue"
"SPRY1","tan"
"SPRY2","grey"
"SPRY4","brown"
"SPRYD3","grey"
"SPRYD4","brown"
"SPRYD7","turquoise"
"SPSB1","grey"
"SPSB3","blue"
"SPSB4","green"
"SPTAN1","black"
"SPTB","turquoise"
"SPTBN1","grey"
"SPTBN2","turquoise"
"SPTLC1","turquoise"
"SPTLC2","turquoise"
"SPTLC3","grey"
"SPTSSA","brown"
"SPTSSB","grey"
"SPTY2D1","turquoise"
"SPX","green"
"SQLE","turquoise"
"SQOR","pink"
"SQSTM1","turquoise"
"SRBD1","grey"
"SRC","pink"
"SRCIN1","blue"
"SRD5A1","grey"
"SRD5A3","grey"
"SREBF1","grey"
"SREBF2","grey"
"SREK1","turquoise"
"SREK1IP1","turquoise"
"SRF","brown"
"SRFBP1","grey"
"SRGAP1","grey"
"SRGAP2","black"
"SRGAP2B","black"
"SRGAP3","grey"
"SRGN","purple"
"SRI","brown"
"SRM","green"
"SRMS","blue"
"SRP19","blue"
"SRP54","turquoise"
"SRP68","grey"
"SRP72","grey"
"SRP9","grey"
"SRPK1","grey"
"SRPK2","turquoise"
"SRPRA","green"
"SRPRB","green"
"SRPX","tan"
"SRPX2","black"
"SRR","grey"
"SRRD","grey"
"SRRM1","grey"
"SRRM2","brown"
"SRRM3","blue"
"SRRM4","blue"
"SRRT","grey"
"SRSF1","turquoise"
"SRSF10","turquoise"
"SRSF2","turquoise"
"SRSF3","turquoise"
"SRSF4","brown"
"SRSF5","turquoise"
"SRSF6","turquoise"
"SRSF7","turquoise"
"SRSF8","brown"
"SRSF9","turquoise"
"SRXN1","grey"
"SS18","turquoise"
"SS18L2","brown"
"SSB","turquoise"
"SSBP1","turquoise"
"SSBP2","grey60"
"SSBP3","grey"
"SSBP4","blue"
"SSC4D","blue"
"SSH1","black"
"SSH2","red"
"SSH3","pink"
"SSNA1","turquoise"
"SSPN","turquoise"
"SSR1","yellow"
"SSR2","brown"
"SSR3","yellow"
"SSR4","green"
"SSRP1","turquoise"
"SST","greenyellow"
"SSTR1","blue"
"SSTR2","grey"
"SSTR3","blue"
"SSTR4","blue"
"SSTR5-AS1","blue"
"SSUH2","blue"
"SSX2IP","grey"
"ST13P5","grey"
"ST14","pink"
"ST18","greenyellow"
"ST20","brown"
"ST20-AS1","blue"
"ST3GAL1","brown"
"ST3GAL2","yellow"
"ST3GAL3","grey"
"ST3GAL4","grey"
"ST3GAL5","purple"
"ST3GAL6","grey"
"ST6GAL1","red"
"ST6GAL2","grey"
"ST6GALNAC1","pink"
"ST6GALNAC2","grey"
"ST6GALNAC3","grey"
"ST6GALNAC4","green"
"ST6GALNAC5","grey"
"ST6GALNAC6","turquoise"
"ST7","yellow"
"ST8SIA3","greenyellow"
"ST8SIA4","purple"
"STAB1","red"
"STAB2","grey"
"STAC","grey"
"STAG1","turquoise"
"STAG2","turquoise"
"STAG3L1","brown"
"STAG3L4","grey"
"STAM","grey"
"STAM2","brown"
"STAMBP","grey"
"STAMBPL1","grey"
"STAP1","red"
"STAP2","grey"
"STARD10","green"
"STARD13","grey"
"STARD3","brown"
"STARD3NL","blue"
"STARD4","turquoise"
"STARD5","red"
"STARD7","grey"
"STARD7-AS1","turquoise"
"STARD8","tan"
"STARD9","grey"
"STAT1","grey"
"STAT2","black"
"STAT3","black"
"STAT4","red"
"STAT5A","grey"
"STAT5B","grey"
"STAT6","brown"
"STAU1","grey"
"STAU2","grey"
"STC1","grey"
"STC2","green"
"STEAP1","grey"
"STEAP1B","grey"
"STEAP2","grey"
"STEAP3","grey"
"STEAP4","tan"
"STEEP1","turquoise"
"STIL","magenta"
"STIM1","grey"
"STIM2","grey"
"STIMATE-MUSTN1","grey60"
"STING1","black"
"STIP1","grey"
"STK10","purple"
"STK11","blue"
"STK16","turquoise"
"STK17A","turquoise"
"STK17B","red"
"STK24","pink"
"STK25","brown"
"STK26","grey"
"STK3","brown"
"STK31","grey"
"STK32A","grey"
"STK32B","grey"
"STK33","yellow"
"STK35","grey"
"STK36","brown"
"STK38","black"
"STK38L","black"
"STK39","grey"
"STK4","turquoise"
"STK40","grey"
"STKLD1","blue"
"STMN2","grey"
"STMN3","turquoise"
"STMN4","blue"
"STN1","turquoise"
"STOM","grey"
"STOML2","brown"
"STON2","grey"
"STOX1","grey"
"STOX2","green"
"STPG1","grey"
"STPG2","yellow"
"STRA6","grey"
"STRADB","grey"
"STRAP","turquoise"
"STRBP","grey"
"STRIP2","grey"
"STRN","turquoise"
"STRN3","turquoise"
"STRN4","brown"
"STS","brown"
"STT3A","grey"
"STT3B","turquoise"
"STUB1","grey"
"STX11","red"
"STX12","grey"
"STX16","grey"
"STX17","grey"
"STX19","grey"
"STX1A","grey"
"STX1B","blue"
"STX2","black"
"STX3","grey"
"STX4","turquoise"
"STX5","grey"
"STX6","turquoise"
"STX7","turquoise"
"STX8","grey"
"STXBP1","grey60"
"STXBP2","grey"
"STXBP3","turquoise"
"STXBP4","grey"
"STXBP5","turquoise"
"STXBP5L","greenyellow"
"STXBP6","yellow"
"STYK1","pink"
"STYX","grey"
"STYXL1","grey"
"SUB1","turquoise"
"SUCLA2","turquoise"
"SUCLG1","grey"
"SUCLG2","turquoise"
"SUCNR1","grey"
"SUCO","grey"
"SUGCT","grey"
"SUGP2","grey"
"SUGT1","turquoise"
"SUGT1P3","grey"
"SULF1","black"
"SULF2","black"
"SULT1A2","grey"
"SULT1B1","grey"
"SULT1C2","grey"
"SULT1C4","grey"
"SULT1E1","grey"
"SULT2A1","salmon"
"SULT2B1","grey"
"SULT4A1","grey"
"SUMF1","turquoise"
"SUMF2","brown"
"SUMO1","turquoise"
"SUMO1P3","grey"
"SUMO2","brown"
"SUMO3","blue"
"SUMO4","grey"
"SUN1","grey"
"SUN2","brown"
"SUN5","blue"
"SUOX","grey"
"SUPT16H","turquoise"
"SUPT20H","blue"
"SUPT20HL1","grey"
"SUPT3H","grey"
"SUPT5H","grey"
"SUPT6H","brown"
"SUPT7L","brown"
"SUPV3L1","blue"
"SURF1","grey"
"SURF2","turquoise"
"SURF4","brown"
"SURF6","grey"
"SUSD1","black"
"SUSD2","brown"
"SUSD3","blue"
"SUSD4","grey"
"SUSD5","blue"
"SUSD6","brown"
"SUZ12","turquoise"
"SUZ12P1","brown"
"SV2A","grey"
"SV2B","yellow"
"SVBP","grey"
"SVEP1","tan"
"SVIL","black"
"SVIP","grey"
"SVOP","greenyellow"
"SWAP70","purple"
"SWT1","yellow"
"SYAP1","grey"
"SYBU","yellow"
"SYCE1L","brown"
"SYCN","yellow"
"SYCP2","grey"
"SYCP2L","grey"
"SYDE1","yellow"
"SYDE2","yellow"
"SYF2","turquoise"
"SYK","purple"
"SYMPK","brown"
"SYN2","grey"
"SYNC","grey"
"SYNCRIP","turquoise"
"SYNDIG1","grey"
"SYNE1","pink"
"SYNE2","turquoise"
"SYNE3","tan"
"SYNGAP1","turquoise"
"SYNGR1","green"
"SYNGR2","grey"
"SYNGR3","blue"
"SYNGR4","blue"
"SYNJ1","grey"
"SYNJ2","grey"
"SYNJ2BP-COX16","brown"
"SYNM","grey"
"SYNPO","turquoise"
"SYNPO2","grey"
"SYNRG","brown"
"SYP","greenyellow"
"SYPL1","turquoise"
"SYPL2","green"
"SYS1","brown"
"SYT1","grey"
"SYT11","black"
"SYT13","grey"
"SYT14","greenyellow"
"SYT15","blue"
"SYT16","greenyellow"
"SYT17","grey"
"SYT3","blue"
"SYT4","greenyellow"
"SYT5","grey"
"SYT6","green"
"SYT7","greenyellow"
"SYT8","grey"
"SYT9","green"
"SYTL1","green"
"SYTL2","turquoise"
"SYTL3","grey"
"SYTL4","turquoise"
"SYTL5","grey"
"SYVN1","brown"
"SZRD1","brown"
"SZT2","brown"
"TAAR1","grey"
"TAAR3P","grey"
"TAB2","turquoise"
"TAB3","brown"
"TAC1","grey"
"TAC4","turquoise"
"TACC1","grey"
"TACC2","grey"
"TACC3","magenta"
"TACR1","grey"
"TACR2","grey"
"TACSTD2","pink"
"TADA1","turquoise"
"TADA2A","turquoise"
"TADA2B","grey"
"TADA3","brown"
"TAF1","blue"
"TAF10","brown"
"TAF11","turquoise"
"TAF12","grey"
"TAF13","turquoise"
"TAF15","turquoise"
"TAF1A","turquoise"
"TAF1B","blue"
"TAF1C","turquoise"
"TAF1D","grey"
"TAF2","brown"
"TAF3","turquoise"
"TAF4B","grey"
"TAF5","turquoise"
"TAF5L","grey"
"TAF6","brown"
"TAF6L","grey"
"TAF7","turquoise"
"TAF9B","brown"
"TAFA2","grey"
"TAFA3","blue"
"TAFA4","blue"
"TAFA5","grey"
"TAGAP","red"
"TAGLN","black"
"TAGLN2","brown"
"TAGLN3","greenyellow"
"TAL1","grey"
"TALDO1","brown"
"TAMALIN","grey"
"TAMM41","grey"
"TANC1","grey"
"TANC2","black"
"TANGO2","brown"
"TANGO6","blue"
"TANK","brown"
"TAOK1","turquoise"
"TAOK2","brown"
"TAOK3","grey"
"TAP2","grey"
"TAPBP","brown"
"TAPBPL","brown"
"TAPT1","grey"
"TAPT1-AS1","grey"
"TARBP1","turquoise"
"TARDBP","turquoise"
"TARP","red"
"TARS1","turquoise"
"TARS3","turquoise"
"TAS2R10","grey"
"TAS2R13","turquoise"
"TAS2R14","blue"
"TAS2R19","turquoise"
"TAS2R20","blue"
"TAS2R3","grey"
"TAS2R31","turquoise"
"TAS2R4","grey"
"TAS2R41","grey"
"TAS2R43","grey"
"TAS2R45","grey"
"TAS2R46","turquoise"
"TAS2R5","grey"
"TAS2R50","grey"
"TAS2R60","grey"
"TASL","purple"
"TASOR","turquoise"
"TASOR2","grey"
"TASP1","turquoise"
"TATDN1","grey"
"TATDN2","turquoise"
"TAX1BP1","turquoise"
"TAX1BP3","brown"
"TBC1D1","grey"
"TBC1D10A","brown"
"TBC1D10C","grey"
"TBC1D12","turquoise"
"TBC1D13","grey"
"TBC1D14","turquoise"
"TBC1D15","turquoise"
"TBC1D16","grey"
"TBC1D17","turquoise"
"TBC1D19","grey"
"TBC1D2","pink"
"TBC1D20","brown"
"TBC1D22B","grey"
"TBC1D23","turquoise"
"TBC1D24","turquoise"
"TBC1D25","grey"
"TBC1D26","blue"
"TBC1D27P","blue"
"TBC1D2B","black"
"TBC1D30","yellow"
"TBC1D31","grey"
"TBC1D32","turquoise"
"TBC1D3C","grey"
"TBC1D3E","turquoise"
"TBC1D4","grey"
"TBC1D5","blue"
"TBC1D7","turquoise"
"TBC1D8","grey"
"TBC1D8B","turquoise"
"TBC1D9","turquoise"
"TBC1D9B","brown"
"TBCA","brown"
"TBCB","brown"
"TBCCD1","turquoise"
"TBCE","grey"
"TBCEL","grey"
"TBCK","blue"
"TBK1","turquoise"
"TBKBP1","blue"
"TBL1X","grey"
"TBL1XR1","turquoise"
"TBL2","turquoise"
"TBL3","brown"
"TBP","grey"
"TBPL1","turquoise"
"TBRG1","brown"
"TBRG4","turquoise"
"TBX1","blue"
"TBX15","grey"
"TBX18","grey"
"TBX21","blue"
"TBX3","grey"
"TBX6","blue"
"TBXA2R","blue"
"TBXAS1","purple"
"TC2N","yellow"
"TCAF1","grey"
"TCAF2","grey"
"TCAIM","grey"
"TCAP","blue"
"TCEA1","turquoise"
"TCEA2","turquoise"
"TCEA3","yellow"
"TCEAL1","brown"
"TCEAL2","turquoise"
"TCEAL3","grey"
"TCEAL4","turquoise"
"TCEAL6","turquoise"
"TCEAL8","turquoise"
"TCEAL9","turquoise"
"TCEANC","grey"
"TCERG1","turquoise"
"TCERG1L","blue"
"TCF12","brown"
"TCF15","blue"
"TCF19","grey"
"TCF20","turquoise"
"TCF21","grey"
"TCF24","blue"
"TCF25","grey"
"TCF3","turquoise"
"TCF4","black"
"TCF7","grey"
"TCF7L1","grey"
"TCF7L2","grey"
"TCIM","grey"
"TCIRG1","brown"
"TCL1A","red"
"TCN1","grey"
"TCN2","brown"
"TCP1","turquoise"
"TCP11L1","grey"
"TCP11L2","grey"
"TCP11X2","grey"
"TCTA","grey"
"TCTN1","grey"
"TCTN2","grey"
"TCTN3","brown"
"TDG","turquoise"
"TDH","yellow"
"TDO2","grey"
"TDP1","grey"
"TDP2","turquoise"
"TDRD1","grey"
"TDRD10","grey"
"TDRD3","grey"
"TDRD5","grey"
"TDRD7","turquoise"
"TDRD9","grey"
"TDRG1","blue"
"TDRKH","grey"
"TDRP","grey"
"TEAD1","black"
"TEAD2","grey"
"TEAD3","grey"
"TEAD4","turquoise"
"TEC","grey"
"TECR","brown"
"TEDC1","blue"
"TEF","grey"
"TEFM","blue"
"TEK","tan"
"TEKT4","blue"
"TEKT4P2","grey"
"TEKT5","turquoise"
"TEKTIP1","blue"
"TEKTL1","blue"
"TELO2","blue"
"TEN1","brown"
"TENM1","grey"
"TENM2","grey"
"TENM3","grey"
"TENM3-AS1","grey"
"TENM4","black"
"TENT2","blue"
"TENT4A","grey"
"TENT4B","grey"
"TENT5A","grey"
"TENT5B","blue"
"TENT5C","grey"
"TEP1","black"
"TERC","turquoise"
"TERF2IP","grey"
"TERT","blue"
"TES","pink"
"TESC","grey"
"TESK1","turquoise"
"TESK2","grey"
"TESPA1","red"
"TET1","grey"
"TET2","grey"
"TEX10","turquoise"
"TEX13A","grey"
"TEX2","yellow"
"TEX261","brown"
"TEX264","turquoise"
"TEX30","turquoise"
"TEX9","grey"
"TF","grey"
"TFAM","turquoise"
"TFAP2A","pink"
"TFAP2B","blue"
"TFAP2C","grey"
"TFAP2E","blue"
"TFAP4","grey"
"TFB1M","turquoise"
"TFB2M","grey"
"TFCP2","turquoise"
"TFCP2L1","grey"
"TFDP1","brown"
"TFDP2","grey"
"TFE3","brown"
"TFEC","purple"
"TFF1","grey"
"TFF2","grey"
"TFF3","grey"
"TFG","grey"
"TFIP11","blue"
"TFPI","grey"
"TFPI2","grey"
"TFPT","grey"
"TFR2","blue"
"TFRC","turquoise"
"TGDS","turquoise"
"TGFA","pink"
"TGFB1","brown"
"TGFB1I1","brown"
"TGFB2","grey"
"TGFB3","black"
"TGFBI","black"
"TGFBR1","turquoise"
"TGFBR2","grey"
"TGFBR3","tan"
"TGFBRAP1","brown"
"TGIF1","grey"
"TGIF2","turquoise"
"TGIF2LX","grey"
"TGM2","brown"
"TGOLN2","brown"
"TGS1","turquoise"
"THADA","turquoise"
"THAP10","blue"
"THAP12","yellow"
"THAP6","grey"
"THAP7","turquoise"
"THAP8","blue"
"THAP9","grey"
"THBD","grey"
"THBS1","grey"
"THBS2","black"
"THBS3","black"
"THBS4","grey"
"THEM4","grey"
"THEM6","turquoise"
"THEMIS","red"
"THEMIS2","red"
"THG1L","turquoise"
"THNSL1","grey"
"THNSL2","grey"
"THOC1","turquoise"
"THOC2","turquoise"
"THOC3","turquoise"
"THOC5","blue"
"THOC6","brown"
"THOC7","turquoise"
"THRA","brown"
"THRAP3","turquoise"
"THRB","grey"
"THRSP","midnightblue"
"THSD4","grey"
"THSD7A","grey"
"THSD7B","grey"
"THTPA","turquoise"
"THUMPD1","turquoise"
"THUMPD2","turquoise"
"THUMPD3","turquoise"
"THY1","black"
"TIA1","grey"
"TIAL1","turquoise"
"TIAM1","red"
"TIAM2","grey"
"TICAM1","turquoise"
"TICRR","magenta"
"TIE1","tan"
"TIFA","yellow"
"TIGAR","turquoise"
"TIGD1","grey"
"TIGD2","turquoise"
"TIGD5","blue"
"TIGD7","turquoise"
"TIGIT","red"
"TIMD4","red"
"TIMELESS","magenta"
"TIMM10B","brown"
"TIMM13","brown"
"TIMM17A","turquoise"
"TIMM17B","turquoise"
"TIMM21","turquoise"
"TIMM22","grey"
"TIMM23","brown"
"TIMM23B","grey"
"TIMM50","grey"
"TIMM8A","grey"
"TIMM8B","brown"
"TIMM9","grey"
"TIMMDC1","brown"
"TIMP1","brown"
"TIMP2","black"
"TIMP3","brown"
"TIMP4","midnightblue"
"TINAG","grey"
"TINAGL1","grey"
"TINF2","grey"
"TIPARP","grey"
"TIPIN","turquoise"
"TIPRL","turquoise"
"TJAP1","turquoise"
"TJP1","grey"
"TJP2","grey"
"TJP3","pink"
"TK1","magenta"
"TK2","turquoise"
"TKFC","turquoise"
"TKT","grey"
"TLCD1","grey"
"TLCD2","blue"
"TLCD3A","grey"
"TLCD3B","blue"
"TLCD4","yellow"
"TLCD5","turquoise"
"TLDC2","grey"
"TLE1","grey"
"TLE2","grey"
"TLE3","turquoise"
"TLE4","red"
"TLE5","brown"
"TLK1","brown"
"TLL1","grey"
"TLN1","black"
"TLN2","grey"
"TLNRD1","blue"
"TLR1","purple"
"TLR10","red"
"TLR2","purple"
"TLR3","grey"
"TLR4","grey"
"TLR5","grey"
"TLR6","purple"
"TLR7","red"
"TLR8","grey"
"TLR9","blue"
"TLX1","blue"
"TLX2","blue"
"TLX3","blue"
"TM2D2","turquoise"
"TM2D3","turquoise"
"TM4SF1","grey"
"TM4SF18","grey"
"TM4SF19","grey"
"TM4SF20","grey"
"TM4SF4","grey"
"TM4SF5","grey"
"TM6SF1","purple"
"TM6SF2","salmon"
"TM7SF2","green"
"TM7SF3","grey"
"TM9SF1","grey"
"TM9SF2","brown"
"TM9SF3","turquoise"
"TM9SF4","brown"
"TMA16","turquoise"
"TMA7","cyan"
"TMBIM1","grey"
"TMBIM4","turquoise"
"TMBIM6","brown"
"TMC4","lightcyan"
"TMC5","pink"
"TMC6","yellow"
"TMC7","pink"
"TMC8","red"
"TMCC1","blue"
"TMCC3","grey"
"TMCO1","brown"
"TMCO3","turquoise"
"TMCO6","brown"
"TMED1","blue"
"TMED10","brown"
"TMED10P1","brown"
"TMED2","brown"
"TMED3","green"
"TMED4","brown"
"TMED5","grey"
"TMED6","yellow"
"TMED7-TICAM2","grey"
"TMED8","grey"
"TMED9","grey"
"TMEM100","grey"
"TMEM102","brown"
"TMEM104","brown"
"TMEM105","blue"
"TMEM106A","turquoise"
"TMEM106B","grey"
"TMEM106C","grey"
"TMEM109","brown"
"TMEM115","turquoise"
"TMEM116","grey"
"TMEM117","grey"
"TMEM119","grey"
"TMEM120A","grey"
"TMEM120B","green"
"TMEM121","blue"
"TMEM121B","blue"
"TMEM123","grey"
"TMEM125","green"
"TMEM126A","turquoise"
"TMEM126B","blue"
"TMEM127","brown"
"TMEM128","turquoise"
"TMEM129","turquoise"
"TMEM130","grey"
"TMEM131","grey"
"TMEM131L","grey"
"TMEM132A","grey"
"TMEM132C","grey"
"TMEM132D","grey"
"TMEM132E","blue"
"TMEM134","grey"
"TMEM135","blue"
"TMEM138","brown"
"TMEM139","grey"
"TMEM140","brown"
"TMEM141","brown"
"TMEM143","blue"
"TMEM144","grey"
"TMEM145","blue"
"TMEM147","brown"
"TMEM14A","grey"
"TMEM14B","grey"
"TMEM14C","brown"
"TMEM14EP","grey"
"TMEM150A","grey"
"TMEM150B","grey"
"TMEM151A","blue"
"TMEM154","grey"
"TMEM156","purple"
"TMEM158","blue"
"TMEM160","turquoise"
"TMEM161A","turquoise"
"TMEM161B","brown"
"TMEM163","grey"
"TMEM164","grey"
"TMEM165","turquoise"
"TMEM167A","turquoise"
"TMEM167B","brown"
"TMEM168","turquoise"
"TMEM17","grey"
"TMEM170A","brown"
"TMEM171","grey"
"TMEM175","brown"
"TMEM176A","black"
"TMEM176B","grey"
"TMEM177","turquoise"
"TMEM179B","brown"
"TMEM18","grey"
"TMEM181","grey"
"TMEM183A","grey"
"TMEM184A","turquoise"
"TMEM184B","brown"
"TMEM184C","brown"
"TMEM185B","grey"
"TMEM186","cyan"
"TMEM187","grey"
"TMEM19","blue"
"TMEM190","blue"
"TMEM191A","grey"
"TMEM191B","grey"
"TMEM191C","turquoise"
"TMEM192","yellow"
"TMEM196","greenyellow"
"TMEM198","blue"
"TMEM198B","grey"
"TMEM200A","grey"
"TMEM200B","blue"
"TMEM203","cyan"
"TMEM204","brown"
"TMEM205","green"
"TMEM208","grey"
"TMEM209","brown"
"TMEM210","blue"
"TMEM214","brown"
"TMEM216","turquoise"
"TMEM218","turquoise"
"TMEM220","yellow"
"TMEM221","blue"
"TMEM222","brown"
"TMEM223","brown"
"TMEM229A","grey"
"TMEM229B","grey"
"TMEM230","grey"
"TMEM231","grey"
"TMEM232","grey"
"TMEM234","brown"
"TMEM236","grey"
"TMEM237","grey"
"TMEM241","grey"
"TMEM242","grey"
"TMEM243","grey"
"TMEM245","grey"
"TMEM248","brown"
"TMEM249","turquoise"
"TMEM25","green"
"TMEM254","brown"
"TMEM255A","grey"
"TMEM255B","grey60"
"TMEM256","brown"
"TMEM258","brown"
"TMEM259","brown"
"TMEM260","blue"
"TMEM263","grey"
"TMEM265","brown"
"TMEM266","black"
"TMEM267","turquoise"
"TMEM268","grey"
"TMEM270","blue"
"TMEM277P","blue"
"TMEM30A","grey"
"TMEM30B","grey"
"TMEM33","brown"
"TMEM35A","grey"
"TMEM35B","blue"
"TMEM37","turquoise"
"TMEM38A","grey"
"TMEM38B","turquoise"
"TMEM39A","grey"
"TMEM40","grey"
"TMEM41A","grey"
"TMEM41B","grey"
"TMEM43","black"
"TMEM44","grey"
"TMEM45A","grey"
"TMEM45B","pink"
"TMEM47","grey"
"TMEM50A","brown"
"TMEM50B","turquoise"
"TMEM51","lightcyan"
"TMEM51-AS1","green"
"TMEM52","green"
"TMEM53","brown"
"TMEM54","pink"
"TMEM59","grey"
"TMEM59L","blue"
"TMEM60","grey"
"TMEM61","blue"
"TMEM62","grey"
"TMEM63A","brown"
"TMEM63B","grey"
"TMEM63C","greenyellow"
"TMEM65","turquoise"
"TMEM67","turquoise"
"TMEM68","turquoise"
"TMEM69","grey"
"TMEM70","grey"
"TMEM71","purple"
"TMEM72","green"
"TMEM74B","grey"
"TMEM79","blue"
"TMEM80","brown"
"TMEM81","grey"
"TMEM82","blue"
"TMEM86A","grey"
"TMEM87A","turquoise"
"TMEM87B","turquoise"
"TMEM88","grey"
"TMEM89","blue"
"TMEM91","grey"
"TMEM92","grey"
"TMEM94","brown"
"TMEM97","yellow"
"TMEM98","grey"
"TMEM9B","brown"
"TMF1","turquoise"
"TMIE","grey"
"TMIGD2","blue"
"TMLHE","brown"
"TMOD1","grey"
"TMOD2","grey"
"TMOD3","turquoise"
"TMPO","grey"
"TMPPE","brown"
"TMPRSS11A","grey"
"TMPRSS11D","grey"
"TMPRSS11E","grey"
"TMPRSS13","turquoise"
"TMPRSS15","salmon"
"TMPRSS2","lightcyan"
"TMPRSS3","pink"
"TMPRSS4","pink"
"TMPRSS6","blue"
"TMSB10","brown"
"TMSB15B","grey"
"TMSB4X","grey"
"TMSB4XP6","grey"
"TMT1A","grey"
"TMT1B","grey"
"TMTC1","tan"
"TMTC2","grey"
"TMTC3","grey"
"TMTC4","grey"
"TMUB1","turquoise"
"TMX1","turquoise"
"TMX2","grey"
"TMX3","turquoise"
"TMX4","grey"
"TNC","grey"
"TNF","grey"
"TNFAIP1","brown"
"TNFAIP2","brown"
"TNFAIP3","grey"
"TNFAIP6","black"
"TNFAIP8","grey"
"TNFAIP8L1","turquoise"
"TNFAIP8L3","grey"
"TNFRSF10A","grey"
"TNFRSF10B","grey"
"TNFRSF10D","grey"
"TNFRSF11A","grey"
"TNFRSF11B","grey"
"TNFRSF12A","turquoise"
"TNFRSF13C","grey"
"TNFRSF14","grey"
"TNFRSF17","grey"
"TNFRSF18","blue"
"TNFRSF19","grey"
"TNFRSF1A","brown"
"TNFRSF1B","red"
"TNFRSF21","pink"
"TNFRSF25","turquoise"
"TNFRSF4","blue"
"TNFRSF8","blue"
"TNFRSF9","red"
"TNFSF10","brown"
"TNFSF13","turquoise"
"TNFSF13B","red"
"TNFSF14","blue"
"TNFSF15","grey"
"TNFSF18","grey"
"TNFSF4","grey"
"TNFSF8","red"
"TNFSF9","turquoise"
"TNIK","pink"
"TNIP1","grey"
"TNIP3","grey"
"TNK1","blue"
"TNKS","turquoise"
"TNKS1BP1","grey"
"TNKS2","turquoise"
"TNMD","grey"
"TNN","grey"
"TNNC1","grey"
"TNNC2","blue"
"TNNI2","grey"
"TNNT1","grey"
"TNNT2","grey"
"TNP2","turquoise"
"TNPO1","turquoise"
"TNPO2","brown"
"TNPO3","turquoise"
"TNR","grey"
"TNRC6A","grey"
"TNRC6B","brown"
"TNRC6C","grey"
"TNS1","grey60"
"TNS2","grey60"
"TNS3","grey"
"TNS4","pink"
"TNXB","midnightblue"
"TOB1","grey"
"TOB2","grey"
"TOB2P1","turquoise"
"TOE1","grey"
"TOGARAM1","grey"
"TOLLIP","turquoise"
"TOM1","brown"
"TOM1L1","lightcyan"
"TOM1L2","brown"
"TOMM20","grey"
"TOMM22","brown"
"TOMM34","brown"
"TOMM40","blue"
"TOMM5","brown"
"TOMM6","grey"
"TOMM7","grey"
"TOMM70","turquoise"
"TOP1","brown"
"TOP1MT","grey"
"TOP2A","magenta"
"TOP2B","turquoise"
"TOP3B","grey"
"TOP6BL","pink"
"TOPAZ1","blue"
"TOPBP1","turquoise"
"TOPORS","turquoise"
"TOR1A","turquoise"
"TOR1AIP1","grey"
"TOR1AIP2","grey"
"TOR1B","turquoise"
"TOR2A","blue"
"TOR4A","grey"
"TOX","grey"
"TOX2","blue"
"TOX3","grey"
"TOX4","grey"
"TP53","grey"
"TP53BP1","turquoise"
"TP53BP2","grey"
"TP53I11","turquoise"
"TP53I3","grey"
"TP53INP1","grey"
"TP53INP2","turquoise"
"TP63","grey"
"TP73","blue"
"TPBG","grey"
"TPCN1","brown"
"TPD52","grey"
"TPD52L1","green"
"TPD52L2","brown"
"TPGS1","blue"
"TPGS2","brown"
"TPH1","grey"
"TPI1","grey"
"TPI1P2","turquoise"
"TPK1","grey"
"TPM1","grey"
"TPM1-AS","blue"
"TPM2","black"
"TPM3","grey"
"TPM3P9","brown"
"TPM4","turquoise"
"TPMT","grey"
"TPO","grey"
"TPP1","brown"
"TPP2","turquoise"
"TPPP","blue"
"TPPP3","brown"
"TPR","turquoise"
"TPRA1","brown"
"TPRG1","grey"
"TPRG1L","grey"
"TPRKB","turquoise"
"TPRN","green"
"TPRX1","grey"
"TPRXL","turquoise"
"TPSAB1","turquoise"
"TPSD1","blue"
"TPSG1","blue"
"TPST1","black"
"TPST2","green"
"TPT1","grey"
"TPT1-AS1","brown"
"TPTE2","grey"
"TPTEP1","grey"
"TPX2","magenta"
"TRA2A","grey"
"TRA2B","blue"
"TRABD","turquoise"
"TRABD2A","grey"
"TRADD","grey"
"TRAF1","red"
"TRAF3","grey"
"TRAF3IP1","turquoise"
"TRAF3IP2","grey"
"TRAF3IP3","red"
"TRAF4","grey"
"TRAF5","grey"
"TRAF7","brown"
"TRAFD1","black"
"TRAK1","pink"
"TRAK2","grey"
"TRAM1","turquoise"
"TRAM1L1","turquoise"
"TRAM2","brown"
"TRANK1","green"
"TRAP1","grey"
"TRAPPC1","brown"
"TRAPPC10","black"
"TRAPPC11","turquoise"
"TRAPPC13","turquoise"
"TRAPPC14","turquoise"
"TRAPPC2","turquoise"
"TRAPPC3","blue"
"TRAPPC4","turquoise"
"TRAPPC5","turquoise"
"TRAPPC6B","turquoise"
"TRAPPC8","turquoise"
"TRAPPC9","brown"
"TRARG1","midnightblue"
"TRAT1","red"
"TRAV12-2","red"
"TRAV20","red"
"TRDMT1","grey"
"TREH","salmon"
"TREM1","grey"
"TREM2","grey"
"TREML1","grey"
"TRERF1","green"
"TREX2","blue"
"TRGC2","red"
"TRGV3","red"
"TRGV5","grey"
"TRGV9","grey"
"TRHDE","yellow"
"TRHDE-AS1","blue"
"TRIAP1","brown"
"TRIB1","grey"
"TRIB2","grey"
"TRIB3","blue"
"TRIL","grey"
"TRIM14","yellow"
"TRIM15","pink"
"TRIM16","pink"
"TRIM16L","pink"
"TRIM2","grey"
"TRIM21","grey"
"TRIM22","purple"
"TRIM23","turquoise"
"TRIM24","grey"
"TRIM25","grey"
"TRIM26","cyan"
"TRIM28","grey"
"TRIM29","pink"
"TRIM31","grey"
"TRIM35","turquoise"
"TRIM36","salmon"
"TRIM37","turquoise"
"TRIM38","purple"
"TRIM4","grey"
"TRIM41","brown"
"TRIM44","turquoise"
"TRIM45","yellow"
"TRIM46","blue"
"TRIM47","turquoise"
"TRIM48","turquoise"
"TRIM49B","grey"
"TRIM5","grey"
"TRIM50","green"
"TRIM52","turquoise"
"TRIM54","blue"
"TRIM56","turquoise"
"TRIM59","magenta"
"TRIM66","grey"
"TRIM67","blue"
"TRIM68","brown"
"TRIM71","blue"
"TRIM72","blue"
"TRIM73","green"
"TRIM8","brown"
"TRIM9","grey"
"TRIO","black"
"TRIP10","pink"
"TRIP11","yellow"
"TRIP12","turquoise"
"TRIP13","magenta"
"TRIP4","turquoise"
"TRIP6","grey"
"TRIR","brown"
"TRIT1","turquoise"
"TRMO","grey"
"TRMT10A","grey"
"TRMT10B","turquoise"
"TRMT10C","turquoise"
"TRMT11","turquoise"
"TRMT112","brown"
"TRMT12","turquoise"
"TRMT13","grey"
"TRMT1L","grey"
"TRMT2A","turquoise"
"TRMT2B","grey"
"TRMT5","grey"
"TRMT6","grey"
"TRMT61B","blue"
"TRMT9B","grey"
"TRMU","turquoise"
"TRNP1","blue"
"TRNT1","turquoise"
"TRO","grey"
"TROAP","grey"
"TRPA1","grey"
"TRPC1","turquoise"
"TRPC4","grey"
"TRPC6","grey"
"TRPM2","grey"
"TRPM3","greenyellow"
"TRPM4","pink"
"TRPM5","blue"
"TRPM6","salmon"
"TRPM7","grey"
"TRPS1","black"
"TRPT1","red"
"TRPV2","grey"
"TRPV4","grey"
"TRPV6","yellow"
"TRRAP","brown"
"TRUB1","turquoise"
"TRUB2","brown"
"TSBP1-AS1","grey"
"TSC1","grey"
"TSC2","brown"
"TSC22D1","black"
"TSC22D2","grey"
"TSC22D3","grey"
"TSC22D4","turquoise"
"TSEN15","brown"
"TSEN2","grey"
"TSEN34","turquoise"
"TSEN54","turquoise"
"TSFM","turquoise"
"TSG101","grey"
"TSGA10","grey"
"TSGA10IP","blue"
"TSHZ1","grey"
"TSHZ2","black"
"TSHZ3","black"
"TSKU","brown"
"TSN","turquoise"
"TSNARE1","turquoise"
"TSNAX","turquoise"
"TSPAN1","pink"
"TSPAN11","grey"
"TSPAN12","grey"
"TSPAN13","grey"
"TSPAN14","grey"
"TSPAN15","grey"
"TSPAN16-AS1","grey"
"TSPAN17","brown"
"TSPAN18","grey"
"TSPAN2","turquoise"
"TSPAN3","turquoise"
"TSPAN31","blue"
"TSPAN33","grey"
"TSPAN4","brown"
"TSPAN5","pink"
"TSPAN6","grey"
"TSPAN7","tan"
"TSPAN8","pink"
"TSPAN9","black"
"TSPEAR","blue"
"TSPEAR-AS2","blue"
"TSPO","brown"
"TSPY2","grey"
"TSPY26P","blue"
"TSPYL2","grey"
"TSPYL5","grey"
"TSR1","turquoise"
"TSR2","blue"
"TSR3","blue"
"TSSK2","blue"
"TSSK6","blue"
"TST","grey"
"TSTD1","pink"
"TSTD2","turquoise"
"TTBK2","turquoise"
"TTC1","turquoise"
"TTC12","grey"
"TTC13","blue"
"TTC14","turquoise"
"TTC16","blue"
"TTC17","green"
"TTC19","grey"
"TTC21B","turquoise"
"TTC22","pink"
"TTC27","turquoise"
"TTC28","grey"
"TTC28-AS1","grey"
"TTC3","turquoise"
"TTC31","turquoise"
"TTC33","turquoise"
"TTC36","blue"
"TTC38","grey"
"TTC39A","grey"
"TTC39B","turquoise"
"TTC39C","grey"
"TTC4","turquoise"
"TTC5","turquoise"
"TTC7A","grey"
"TTC7B","grey"
"TTC8","grey"
"TTC9","grey"
"TTC9C","grey"
"TTF1","turquoise"
"TTF2","turquoise"
"TTI1","grey"
"TTK","magenta"
"TTL","purple"
"TTLL1","grey"
"TTLL10","blue"
"TTLL11","green"
"TTLL12","turquoise"
"TTLL4","grey"
"TTLL5","brown"
"TTLL6","grey"
"TTLL7","yellow"
"TTN","black"
"TTPAL","grey"
"TTR","greenyellow"
"TTTY10","grey"
"TTTY14","grey"
"TTTY6","brown"
"TTYH1","green"
"TTYH2","turquoise"
"TTYH3","brown"
"TUBA1A","black"
"TUBA1B","brown"
"TUBA1C","pink"
"TUBA3C","grey"
"TUBA3E","blue"
"TUBA4A","brown"
"TUBAL3","salmon"
"TUBB","brown"
"TUBB1","grey"
"TUBB2B","grey"
"TUBB3","turquoise"
"TUBB4A","blue"
"TUBB4B","brown"
"TUBB6","turquoise"
"TUBBP5","turquoise"
"TUBD1","grey"
"TUBE1","turquoise"
"TUBG1","brown"
"TUBG2","brown"
"TUBGCP2","grey"
"TUBGCP3","blue"
"TUBGCP4","brown"
"TUBGCP5","turquoise"
"TUFM","grey"
"TUFT1","pink"
"TUG1","brown"
"TULP1","blue"
"TULP3","brown"
"TULP4","brown"
"TUSC1","brown"
"TUSC2","turquoise"
"TUSC3","grey"
"TUT4","grey"
"TUT7","turquoise"
"TVP23A","grey"
"TVP23B","turquoise"
"TWF2","brown"
"TWIST1","grey"
"TWIST2","grey"
"TWNK","grey"
"TWSG1","turquoise"
"TXK","red"
"TXLNA","grey"
"TXLNB","red"
"TXLNG","grey"
"TXLNGY","grey"
"TXN","turquoise"
"TXN2","brown"
"TXNDC11","grey"
"TXNDC12","brown"
"TXNDC15","turquoise"
"TXNDC16","yellow"
"TXNDC17","grey60"
"TXNDC5","grey"
"TXNDC9","turquoise"
"TXNIP","grey"
"TXNL1","grey"
"TXNL4A","brown"
"TXNL4B","grey"
"TXNRD1","green"
"TXNRD2","blue"
"TXNRD3","turquoise"
"TYMP","grey"
"TYMS","magenta"
"TYMSOS","blue"
"TYRO3","grey"
"TYROBP","red"
"TYSND1","blue"
"TYW1","turquoise"
"TYW1B","grey"
"TYW3","turquoise"
"TYW5","turquoise"
"U2AF1L4","grey"
"U2AF2","brown"
"U2SURP","turquoise"
"UACA","turquoise"
"UAP1","grey"
"UAP1L1","blue"
"UBA1","brown"
"UBA2","grey"
"UBA3","turquoise"
"UBA5","yellow"
"UBA6","turquoise"
"UBA7","brown"
"UBAC2","blue"
"UBALD1","brown"
"UBALD2","grey"
"UBAP1","grey"
"UBAP2","grey"
"UBAP2L","brown"
"UBASH3A","red"
"UBASH3B","grey"
"UBD","grey"
"UBE2A","brown"
"UBE2B","turquoise"
"UBE2C","magenta"
"UBE2D1","grey"
"UBE2D3","grey"
"UBE2D4","brown"
"UBE2DNL","blue"
"UBE2E1","grey"
"UBE2E2","grey"
"UBE2E3","grey"
"UBE2F","yellow"
"UBE2G1","grey"
"UBE2J1","grey"
"UBE2K","grey"
"UBE2L3","brown"
"UBE2L6","grey"
"UBE2M","blue"
"UBE2MP1","brown"
"UBE2N","grey"
"UBE2NL","grey"
"UBE2Q1","brown"
"UBE2Q2","turquoise"
"UBE2Q2P1","grey"
"UBE2Q2P2","grey"
"UBE2R2","grey"
"UBE2S","brown"
"UBE2T","magenta"
"UBE2U","grey"
"UBE2V1","brown"
"UBE2V2","turquoise"
"UBE2W","brown"
"UBE2Z","brown"
"UBE3A","turquoise"
"UBE3B","brown"
"UBE3C","turquoise"
"UBE4A","brown"
"UBE4B","yellow"
"UBFD1","turquoise"
"UBIAD1","grey"
"UBL3","turquoise"
"UBL5","brown"
"UBL7","brown"
"UBLCP1","turquoise"
"UBN2","grey"
"UBOX5","brown"
"UBQLN1","brown"
"UBQLN2","brown"
"UBR1","turquoise"
"UBR2","turquoise"
"UBR3","grey"
"UBR4","brown"
"UBR5","turquoise"
"UBR7","turquoise"
"UBTFL1","grey"
"UBXN10","grey"
"UBXN2A","turquoise"
"UBXN2B","grey"
"UBXN4","turquoise"
"UBXN7","brown"
"UBXN8","grey"
"UCA1","grey"
"UCHL1","grey"
"UCHL3","turquoise"
"UCHL5","turquoise"
"UCK1","brown"
"UCK2","cyan"
"UCKL1","brown"
"UCN","blue"
"UCN2","blue"
"UCN3","grey"
"UCP1","grey"
"UCP2","red"
"UEVLD","turquoise"
"UFC1","brown"
"UFD1","turquoise"
"UFL1","yellow"
"UFM1","grey"
"UFSP1","blue"
"UFSP2","blue"
"UGCG","turquoise"
"UGDH","grey"
"UGGT1","grey"
"UGGT2","turquoise"
"UGP2","turquoise"
"UGT1A1","pink"
"UGT2A3","grey"
"UGT2B10","grey"
"UGT2B11","grey"
"UGT2B15","grey"
"UGT2B17","salmon"
"UGT2B7","grey"
"UGT8","grey"
"UHMK1","turquoise"
"UHRF1","grey"
"UHRF2","turquoise"
"UIMC1","turquoise"
"ULBP3","grey"
"ULK1","turquoise"
"ULK2","grey"
"UMOD","green"
"UMPS","turquoise"
"UNC119B","turquoise"
"UNC13A","greenyellow"
"UNC13B","grey"
"UNC13D","grey"
"UNC5A","blue"
"UNC5B","brown"
"UNC5C","grey"
"UNC5CL","grey"
"UNC79","greenyellow"
"UNC80","greenyellow"
"UNC93B1","turquoise"
"UNCX","blue"
"UNK","brown"
"UNKL","blue"
"UPF2","turquoise"
"UPF3A","turquoise"
"UPF3B","grey"
"UPK1A-AS1","turquoise"
"UPK1B","grey"
"UPK3A","blue"
"UPK3B","grey"
"UPP1","grey"
"UPRT","turquoise"
"UQCC1","turquoise"
"UQCC2","brown"
"UQCR10","grey"
"UQCR11","brown"
"UQCRBP1","brown"
"UQCRC1","grey"
"UQCRC2","blue"
"UQCRH","turquoise"
"UQCRHL","turquoise"
"UQCRQ","grey"
"URAD","blue"
"URB1","grey"
"URB2","grey"
"URGCP","grey"
"URGCP-MRPS24","brown"
"URI1","grey"
"URM1","turquoise"
"UROS","turquoise"
"USB1","turquoise"
"USE1","grey"
"USF1","brown"
"USF2","turquoise"
"USF3","grey"
"USH1C","pink"
"USH1G","blue"
"USO1","grey"
"USP1","turquoise"
"USP10","grey"
"USP11","black"
"USP12","turquoise"
"USP13","grey"
"USP14","grey"
"USP15","grey"
"USP16","grey"
"USP17L25","grey"
"USP18","grey"
"USP2","green"
"USP21","brown"
"USP22","grey"
"USP24","turquoise"
"USP25","grey"
"USP27X-DT","blue"
"USP28","blue"
"USP3","brown"
"USP30","brown"
"USP31","grey"
"USP32","turquoise"
"USP32P1","grey"
"USP32P2","blue"
"USP33","turquoise"
"USP34","turquoise"
"USP36","grey"
"USP37","turquoise"
"USP38","turquoise"
"USP39","brown"
"USP4","purple"
"USP40","turquoise"
"USP41P","grey"
"USP44","yellow"
"USP45","turquoise"
"USP47","turquoise"
"USP48","turquoise"
"USP53","grey"
"USP54","grey"
"USP6NL","brown"
"USP6NL-AS1","blue"
"USP7","turquoise"
"USP8","grey"
"USP9X","turquoise"
"USP9Y","grey"
"USPL1","turquoise"
"UST","grey"
"UTF1","blue"
"UTP11","grey"
"UTP14A","turquoise"
"UTP15","turquoise"
"UTP20","turquoise"
"UTP25","grey"
"UTP3","brown"
"UTP4","grey"
"UTP6","turquoise"
"UTRN","grey"
"UTS2","grey"
"UTS2R","blue"
"UTY","grey"
"UVRAG","turquoise"
"UVSSA","grey"
"UXS1","turquoise"
"UXT","brown"
"VAMP1","red"
"VAMP2","brown"
"VAMP3","black"
"VAMP4","brown"
"VAMP7","brown"
"VAMP8","grey"
"VANGL1","grey"
"VANGL2","grey"
"VAPA","grey"
"VARS1","brown"
"VARS2","turquoise"
"VASH1","grey"
"VASN","turquoise"
"VASP","yellow"
"VAT1","brown"
"VAT1L","greenyellow"
"VAV1","red"
"VAV2","grey"
"VAV3","grey"
"VAX1","blue"
"VAX2","blue"
"VBP1","turquoise"
"VCAM1","grey"
"VCAN","black"
"VCL","black"
"VCP","turquoise"
"VCPIP1","blue"
"VCPKMT","turquoise"
"VCX","grey"
"VDAC1","grey"
"VDAC2","blue"
"VDAC3","blue"
"VDR","brown"
"VEGFA","grey"
"VEGFB","grey"
"VEGFC","green"
"VEGFD","tan"
"VENTX","blue"
"VEPH1","yellow"
"VEZF1","grey"
"VEZT","turquoise"
"VGF","blue"
"VGLL1","grey"
"VGLL3","grey"
"VGLL4","grey"
"VHL","blue"
"VIL1","grey"
"VILL","pink"
"VIM","black"
"VIP","grey"
"VIPAS39","grey"
"VIPR1","grey"
"VIPR2","green"
"VIRMA","turquoise"
"VIT","grey"
"VKORC1","brown"
"VKORC1L1","turquoise"
"VLDLR","grey"
"VLDLR-AS1","grey"
"VMA12","brown"
"VMAC","turquoise"
"VMO1","blue"
"VMP1","grey"
"VN1R1","grey"
"VNN1","grey"
"VNN2","grey"
"VNN3P","grey"
"VOPP1","black"
"VPREB3","red"
"VPS11","brown"
"VPS13A","turquoise"
"VPS13B","turquoise"
"VPS13C","turquoise"
"VPS13D","turquoise"
"VPS18","grey"
"VPS25","brown"
"VPS26A","grey"
"VPS26B","grey"
"VPS26C","brown"
"VPS28","brown"
"VPS29","turquoise"
"VPS33A","turquoise"
"VPS33B","blue"
"VPS35","grey"
"VPS35L","grey"
"VPS36","turquoise"
"VPS37A","grey"
"VPS37B","grey"
"VPS37D","blue"
"VPS41","turquoise"
"VPS45","blue"
"VPS4A","grey"
"VPS4B","turquoise"
"VPS50","turquoise"
"VPS51","green"
"VPS52","grey"
"VPS54","turquoise"
"VPS72","grey"
"VPS8","turquoise"
"VPS9D1","turquoise"
"VRK1","turquoise"
"VRK2","turquoise"
"VRK3","grey"
"VSIG1","grey"
"VSIG10","grey"
"VSIG2","pink"
"VSIG4","purple"
"VSIG8","blue"
"VSIR","red"
"VSNL1","grey"
"VSTM2B","blue"
"VSTM2L","grey"
"VSTM4","grey"
"VSX2","blue"
"VTA1","grey"
"VTCN1","yellow"
"VTI1B","grey"
"VTN","green"
"VTRNA1-1","turquoise"
"VTRNA1-2","grey"
"VTRNA1-3","grey"
"VWA1","turquoise"
"VWA2","grey"
"VWA5A","grey"
"VWA5B2","blue"
"VWA7","blue"
"VWA8","grey"
"VWC2","blue"
"VWC2L","greenyellow"
"VWDE","grey"
"VWF","grey"
"WAC","grey"
"WAPL","turquoise"
"WARS1","grey"
"WARS2","grey"
"WAS","red"
"WASF1","grey"
"WASF2","brown"
"WASF3","grey"
"WASH3P","turquoise"
"WASHC1","brown"
"WASHC2A","grey"
"WASHC2C","grey"
"WASHC3","brown"
"WASHC4","turquoise"
"WASHC5","grey"
"WASL","grey"
"WBP11","brown"
"WBP1L","black"
"WBP2","brown"
"WBP2NL","grey"
"WBP4","turquoise"
"WDCP","grey"
"WDFY1","turquoise"
"WDFY2","yellow"
"WDFY3","grey"
"WDFY4","red"
"WDHD1","magenta"
"WDPCP","blue"
"WDR1","black"
"WDR11","turquoise"
"WDR12","turquoise"
"WDR13","grey"
"WDR17","greenyellow"
"WDR18","turquoise"
"WDR19","turquoise"
"WDR24","blue"
"WDR25","grey"
"WDR26","turquoise"
"WDR27","turquoise"
"WDR3","turquoise"
"WDR35","turquoise"
"WDR36","turquoise"
"WDR37","grey"
"WDR38","blue"
"WDR4","grey"
"WDR41","turquoise"
"WDR43","turquoise"
"WDR44","turquoise"
"WDR45B","grey"
"WDR46","grey"
"WDR47","blue"
"WDR48","turquoise"
"WDR49","grey"
"WDR5","turquoise"
"WDR53","turquoise"
"WDR54","grey"
"WDR55","grey"
"WDR59","grey"
"WDR5B","grey"
"WDR6","grey"
"WDR7","blue"
"WDR70","turquoise"
"WDR72","grey"
"WDR73","turquoise"
"WDR74","turquoise"
"WDR75","grey"
"WDR76","grey"
"WDR77","turquoise"
"WDR82","turquoise"
"WDR83OS","turquoise"
"WDR86","blue"
"WDR89","turquoise"
"WDR91","green"
"WDSUB1","turquoise"
"WDTC1","grey"
"WEE1","grey"
"WEE2-AS1","grey"
"WFDC1","grey"
"WFDC12","blue"
"WFDC2","grey"
"WFIKKN1","blue"
"WFIKKN2","blue"
"WFS1","turquoise"
"WHAMMP3","grey"
"WHRN","turquoise"
"WIPF1","red"
"WIPF2","grey"
"WIPF3","grey"
"WIPI1","grey"
"WIZ","turquoise"
"WLS","yellow"
"WNK1","black"
"WNK2","green"
"WNK4","blue"
"WNT10A","grey"
"WNT10B","blue"
"WNT11","grey"
"WNT2","grey"
"WNT2B","grey"
"WNT3","grey"
"WNT3A","blue"
"WNT4","grey"
"WNT5A","grey"
"WNT6","blue"
"WNT7A","grey"
"WNT7B","grey"
"WNT9A","blue"
"WNT9B","blue"
"WRAP73","cyan"
"WRN","turquoise"
"WSB1","grey"
"WSB2","brown"
"WSCD1","blue"
"WT1","grey"
"WT1-AS","grey"
"WTAP","grey"
"WWC1","lightcyan"
"WWC2","red"
"WWC3","grey"
"WWP1","grey"
"WWP2","grey"
"WWTR1","brown"
"XAB2","brown"
"XAF1","grey"
"XAGE-4","grey"
"XAGE3","grey"
"XBP1","green"
"XCL1","grey"
"XCR1","grey"
"XDH","pink"
"XG","grey"
"XIAP","turquoise"
"XIRP1","grey"
"XK","grey"
"XKR4","blue"
"XKR8","grey"
"XKR9","grey"
"XPA","turquoise"
"XPC","turquoise"
"XPNPEP1","yellow"
"XPNPEP2","salmon"
"XPO1","turquoise"
"XPO4","turquoise"
"XPO5","grey"
"XPO6","black"
"XPO7","blue"
"XPOT","grey"
"XPR1","grey"
"XRCC1","brown"
"XRCC2","magenta"
"XRCC3","blue"
"XRCC4","grey"
"XRCC5","turquoise"
"XRCC6","turquoise"
"XRN1","blue"
"XRN2","turquoise"
"XRRA1","grey"
"XXYLT1","turquoise"
"XYLB","grey"
"XYLT1","brown"
"XYLT2","turquoise"
"YAF2","turquoise"
"YAP1","black"
"YARS1","grey"
"YBEY","brown"
"YBX2","blue"
"YBX3","grey"
"YDJC","turquoise"
"YEATS2","pink"
"YEATS4","turquoise"
"YES1","grey"
"YIF1A","grey"
"YIPF1","grey"
"YIPF2","turquoise"
"YIPF3","brown"
"YIPF4","turquoise"
"YIPF5","grey"
"YIPF6","red"
"YJEFN3","blue"
"YJU2","brown"
"YJU2B","turquoise"
"YKT6","grey"
"YLPM1","turquoise"
"YME1L1","grey"
"YOD1","grey"
"YPEL1","grey"
"YPEL2","grey"
"YPEL3","turquoise"
"YPEL5","grey"
"YRDC","grey"
"YTHDC1","turquoise"
"YTHDC2","grey"
"YTHDF1","brown"
"YTHDF3","grey"
"YWHAB","black"
"YWHAE","grey"
"YWHAG","grey"
"YWHAH","turquoise"
"YWHAQ","brown"
"YWHAQP8","brown"
"YWHAZ","pink"
"YY1AP1","brown"
"ZACN","blue"
"ZAP70","red"
"ZAR1","blue"
"ZBED10P","blue"
"ZBED2","grey"
"ZBED3","blue"
"ZBED5","turquoise"
"ZBED6","turquoise"
"ZBP1","grey"
"ZBTB1","turquoise"
"ZBTB10","grey"
"ZBTB11","grey"
"ZBTB11-AS1","grey"
"ZBTB14","grey"
"ZBTB16","grey"
"ZBTB18","grey"
"ZBTB20","brown"
"ZBTB21","grey"
"ZBTB22","green"
"ZBTB24","grey"
"ZBTB25","grey"
"ZBTB32","blue"
"ZBTB33","brown"
"ZBTB34","cyan"
"ZBTB37","grey"
"ZBTB38","turquoise"
"ZBTB39","brown"
"ZBTB4","grey"
"ZBTB40","brown"
"ZBTB41","grey"
"ZBTB42","grey"
"ZBTB43","turquoise"
"ZBTB44","grey"
"ZBTB44-DT","grey"
"ZBTB45","turquoise"
"ZBTB5","turquoise"
"ZBTB6","turquoise"
"ZBTB7A","turquoise"
"ZBTB7C","turquoise"
"ZBTB8OS","grey"
"ZC2HC1A","black"
"ZC2HC1C","grey"
"ZC3H11A","turquoise"
"ZC3H12A","yellow"
"ZC3H12C","turquoise"
"ZC3H12D","blue"
"ZC3H13","turquoise"
"ZC3H14","turquoise"
"ZC3H15","grey"
"ZC3H6","grey"
"ZC3H7A","turquoise"
"ZC3H8","turquoise"
"ZC3HAV1","purple"
"ZC3HAV1L","grey"
"ZC4H2","brown"
"ZCCHC14","blue"
"ZCCHC17","grey"
"ZCCHC18","grey"
"ZCCHC24","lightgreen"
"ZCCHC3","blue"
"ZCCHC4","turquoise"
"ZCCHC7","grey"
"ZCCHC9","turquoise"
"ZCRB1","grey"
"ZCWPW2","yellow"
"ZDBF2","turquoise"
"ZDHHC1","brown"
"ZDHHC11","grey"
"ZDHHC12","turquoise"
"ZDHHC13","grey"
"ZDHHC14","grey"
"ZDHHC15","grey"
"ZDHHC16","brown"
"ZDHHC17","turquoise"
"ZDHHC18","grey"
"ZDHHC19","blue"
"ZDHHC2","yellow"
"ZDHHC20","grey"
"ZDHHC21","turquoise"
"ZDHHC22","blue"
"ZDHHC23","grey"
"ZDHHC24","turquoise"
"ZDHHC3","brown"
"ZDHHC4","grey"
"ZDHHC5","grey"
"ZDHHC6","grey"
"ZDHHC7","pink"
"ZDHHC8","turquoise"
"ZDHHC8BP","blue"
"ZDHHC9","brown"
"ZEB1","black"
"ZEB2","grey"
"ZER1","brown"
"ZFAND1","yellow"
"ZFAND2A","grey"
"ZFAND2B","brown"
"ZFAND3","grey"
"ZFAND4","grey"
"ZFAND5","brown"
"ZFAND6","turquoise"
"ZFAS1","turquoise"
"ZFAT","grey"
"ZFC3H1","turquoise"
"ZFHX3","brown"
"ZFHX4","black"
"ZFP1","turquoise"
"ZFP14","turquoise"
"ZFP2","grey"
"ZFP28","grey"
"ZFP3","grey"
"ZFP30","turquoise"
"ZFP36","brown"
"ZFP36L1","turquoise"
"ZFP36L2","turquoise"
"ZFP37","grey"
"ZFP57","grey"
"ZFP62","turquoise"
"ZFP64","grey"
"ZFP69B","grey"
"ZFP82","grey"
"ZFP90","turquoise"
"ZFP92","turquoise"
"ZFPL1","brown"
"ZFPM1","blue"
"ZFPM2","black"
"ZFR2","blue"
"ZFTA","blue"
"ZFTRAF1","grey"
"ZFX","turquoise"
"ZFY","grey"
"ZFYVE1","blue"
"ZFYVE16","turquoise"
"ZFYVE21","turquoise"
"ZFYVE26","brown"
"ZFYVE28","blue"
"ZFYVE9","yellow"
"ZG16","salmon"
"ZG16B","grey"
"ZGPAT","turquoise"
"ZGRF1","turquoise"
"ZHX1","grey"
"ZHX1-C8orf76","blue"
"ZHX2","grey"
"ZIC2","blue"
"ZIC5","blue"
"ZIK1","grey"
"ZKSCAN1","grey"
"ZKSCAN5","turquoise"
"ZKSCAN7","grey"
"ZKSCAN8","grey"
"ZMAT1","grey"
"ZMAT2","turquoise"
"ZMAT3","grey"
"ZMAT5","turquoise"
"ZMIZ1","brown"
"ZMIZ2","brown"
"ZMPSTE24","blue"
"ZMYM1","turquoise"
"ZMYM2","grey"
"ZMYM3","grey"
"ZMYM4","blue"
"ZMYM5","brown"
"ZMYND11","turquoise"
"ZMYND12","yellow"
"ZMYND8","grey"
"ZNF10","turquoise"
"ZNF100","grey"
"ZNF101","red"
"ZNF106","turquoise"
"ZNF107","red"
"ZNF112","turquoise"
"ZNF114","grey"
"ZNF12","turquoise"
"ZNF121","grey"
"ZNF124","turquoise"
"ZNF131","turquoise"
"ZNF134","grey"
"ZNF135","grey"
"ZNF136","grey"
"ZNF137P","turquoise"
"ZNF138","grey"
"ZNF14","grey"
"ZNF140","grey"
"ZNF141","grey"
"ZNF142","turquoise"
"ZNF143","turquoise"
"ZNF146","grey"
"ZNF154","grey"
"ZNF155","grey"
"ZNF160","grey"
"ZNF165","grey"
"ZNF175","blue"
"ZNF180","turquoise"
"ZNF181","yellow"
"ZNF184","grey"
"ZNF185","grey"
"ZNF189","yellow"
"ZNF195","brown"
"ZNF197","turquoise"
"ZNF20","turquoise"
"ZNF204P","grey"
"ZNF205","blue"
"ZNF207","brown"
"ZNF208","grey"
"ZNF211","grey"
"ZNF212","turquoise"
"ZNF214","grey"
"ZNF215","grey"
"ZNF217","turquoise"
"ZNF217-AS1","grey"
"ZNF219","turquoise"
"ZNF22","turquoise"
"ZNF223","grey"
"ZNF224","turquoise"
"ZNF226","blue"
"ZNF229","grey"
"ZNF23","brown"
"ZNF230","grey"
"ZNF232","grey"
"ZNF234","blue"
"ZNF235","grey"
"ZNF239","grey"
"ZNF24","grey"
"ZNF248","grey"
"ZNF25","grey"
"ZNF252P","grey"
"ZNF252P-AS1","blue"
"ZNF253","grey"
"ZNF254","grey"
"ZNF256","grey"
"ZNF257","grey"
"ZNF26","turquoise"
"ZNF260","grey"
"ZNF264","grey"
"ZNF266","grey"
"ZNF267","grey"
"ZNF271P","turquoise"
"ZNF273","grey"
"ZNF275","grey"
"ZNF276","grey"
"ZNF277","grey"
"ZNF28","turquoise"
"ZNF280C","brown"
"ZNF280D","grey"
"ZNF281","grey"
"ZNF283","turquoise"
"ZNF285","grey"
"ZNF287","grey"
"ZNF292","grey"
"ZNF296","blue"
"ZNF3","brown"
"ZNF30","turquoise"
"ZNF300","grey"
"ZNF300P1","grey"
"ZNF302","yellow"
"ZNF304","grey"
"ZNF316","turquoise"
"ZNF318","grey"
"ZNF32","grey"
"ZNF320","turquoise"
"ZNF322","turquoise"
"ZNF324","turquoise"
"ZNF326","turquoise"
"ZNF329","grey"
"ZNF330","turquoise"
"ZNF331","grey"
"ZNF334","grey"
"ZNF335","turquoise"
"ZNF337","turquoise"
"ZNF33A","grey"
"ZNF33B","yellow"
"ZNF345","grey"
"ZNF346","brown"
"ZNF347","grey"
"ZNF350","turquoise"
"ZNF354A","grey"
"ZNF358","grey"
"ZNF362","brown"
"ZNF366","grey"
"ZNF37A","grey"
"ZNF37BP","grey"
"ZNF382","grey"
"ZNF383","blue"
"ZNF384","brown"
"ZNF385A","turquoise"
"ZNF385B","grey"
"ZNF385C","blue"
"ZNF385D","tan"
"ZNF391","grey"
"ZNF394","brown"
"ZNF395","grey"
"ZNF397","turquoise"
"ZNF404","turquoise"
"ZNF407","turquoise"
"ZNF407-AS1","turquoise"
"ZNF410","turquoise"
"ZNF414","turquoise"
"ZNF415","grey"
"ZNF417","brown"
"ZNF418","turquoise"
"ZNF420","turquoise"
"ZNF423","grey"
"ZNF426","grey"
"ZNF428","turquoise"
"ZNF429","green"
"ZNF43","grey"
"ZNF431","grey"
"ZNF432","grey"
"ZNF433","yellow"
"ZNF436","grey"
"ZNF438","blue"
"ZNF439","grey"
"ZNF44","grey"
"ZNF440","grey"
"ZNF441","turquoise"
"ZNF443","turquoise"
"ZNF444","blue"
"ZNF449","grey"
"ZNF45","turquoise"
"ZNF451","turquoise"
"ZNF454","turquoise"
"ZNF460","grey"
"ZNF461","turquoise"
"ZNF462","black"
"ZNF467","turquoise"
"ZNF468","turquoise"
"ZNF469","turquoise"
"ZNF470","turquoise"
"ZNF473CR","blue"
"ZNF480","brown"
"ZNF483","greenyellow"
"ZNF484","blue"
"ZNF485","grey"
"ZNF486","grey"
"ZNF487","grey"
"ZNF488","blue"
"ZNF490","grey"
"ZNF492","grey"
"ZNF493","grey"
"ZNF501","grey"
"ZNF502","grey"
"ZNF503","green"
"ZNF503-AS2","blue"
"ZNF506","grey"
"ZNF507","grey"
"ZNF510","grey"
"ZNF512","blue"
"ZNF512B","blue"
"ZNF513","turquoise"
"ZNF514","grey"
"ZNF517","blue"
"ZNF518A","grey"
"ZNF518B","turquoise"
"ZNF521","black"
"ZNF524","blue"
"ZNF526","turquoise"
"ZNF528","grey"
"ZNF529","grey"
"ZNF532","black"
"ZNF540","grey"
"ZNF542P","grey"
"ZNF543","grey"
"ZNF544","grey"
"ZNF546","turquoise"
"ZNF547","grey"
"ZNF548","grey"
"ZNF551","turquoise"
"ZNF552","grey"
"ZNF554","grey"
"ZNF555","grey"
"ZNF557","grey"
"ZNF558","turquoise"
"ZNF559-ZNF177","turquoise"
"ZNF561","grey"
"ZNF562","turquoise"
"ZNF563","turquoise"
"ZNF564","grey"
"ZNF566","turquoise"
"ZNF568","turquoise"
"ZNF569","grey"
"ZNF57","grey"
"ZNF570","grey"
"ZNF571","turquoise"
"ZNF572","turquoise"
"ZNF573","turquoise"
"ZNF575","blue"
"ZNF576","blue"
"ZNF577","turquoise"
"ZNF579","blue"
"ZNF580","blue"
"ZNF581","grey"
"ZNF583","grey"
"ZNF585A","grey"
"ZNF585B","grey"
"ZNF586","turquoise"
"ZNF587","blue"
"ZNF587B","turquoise"
"ZNF589","grey"
"ZNF592","brown"
"ZNF593","turquoise"
"ZNF594","grey"
"ZNF597","grey"
"ZNF598","blue"
"ZNF600","grey"
"ZNF605","grey"
"ZNF606-AS1","grey"
"ZNF607","turquoise"
"ZNF608","grey"
"ZNF609","brown"
"ZNF610","grey"
"ZNF611","blue"
"ZNF615","grey"
"ZNF616","turquoise"
"ZNF618","grey"
"ZNF622","yellow"
"ZNF623","turquoise"
"ZNF624","blue"
"ZNF625-ZNF20","turquoise"
"ZNF626","grey"
"ZNF627","turquoise"
"ZNF628","blue"
"ZNF630","grey"
"ZNF638","turquoise"
"ZNF639","turquoise"
"ZNF641","brown"
"ZNF644","blue"
"ZNF646","turquoise"
"ZNF649","blue"
"ZNF652","grey"
"ZNF653","blue"
"ZNF654","turquoise"
"ZNF655","grey"
"ZNF658B","yellow"
"ZNF66","grey"
"ZNF660","grey"
"ZNF662","brown"
"ZNF664","black"
"ZNF667","grey"
"ZNF667-AS1","grey60"
"ZNF668","blue"
"ZNF669","turquoise"
"ZNF670","turquoise"
"ZNF671","grey"
"ZNF674","grey"
"ZNF675","grey"
"ZNF676","grey"
"ZNF678","grey"
"ZNF680","blue"
"ZNF681","grey"
"ZNF682","grey"
"ZNF684","turquoise"
"ZNF687","turquoise"
"ZNF688","turquoise"
"ZNF689","turquoise"
"ZNF69","grey"
"ZNF692","brown"
"ZNF696","blue"
"ZNF699","turquoise"
"ZNF70","grey"
"ZNF700","turquoise"
"ZNF701","turquoise"
"ZNF702P","turquoise"
"ZNF703","turquoise"
"ZNF704","yellow"
"ZNF706","turquoise"
"ZNF707","grey"
"ZNF708","grey"
"ZNF709","turquoise"
"ZNF710","yellow"
"ZNF711","turquoise"
"ZNF713","turquoise"
"ZNF717","brown"
"ZNF718","grey"
"ZNF721","grey"
"ZNF724","grey"
"ZNF730","grey"
"ZNF737","grey"
"ZNF738","grey"
"ZNF740","turquoise"
"ZNF746","blue"
"ZNF747","blue"
"ZNF749","grey"
"ZNF750","grey"
"ZNF75A","grey"
"ZNF75D","grey"
"ZNF76","brown"
"ZNF761","turquoise"
"ZNF763","grey"
"ZNF764","blue"
"ZNF766","grey"
"ZNF767P","brown"
"ZNF768","brown"
"ZNF770","turquoise"
"ZNF771","blue"
"ZNF772","grey"
"ZNF774","green"
"ZNF775","blue"
"ZNF776","turquoise"
"ZNF778","grey"
"ZNF780A","turquoise"
"ZNF780B","turquoise"
"ZNF781","turquoise"
"ZNF782","grey"
"ZNF784","turquoise"
"ZNF787","blue"
"ZNF790","turquoise"
"ZNF791","grey"
"ZNF793","grey"
"ZNF799","turquoise"
"ZNF800","grey"
"ZNF804B","grey"
"ZNF805","blue"
"ZNF808","turquoise"
"ZNF813","turquoise"
"ZNF814","grey"
"ZNF816","grey"
"ZNF816-ZNF321P","turquoise"
"ZNF823","grey"
"ZNF826P","grey"
"ZNF827","brown"
"ZNF83","turquoise"
"ZNF830","turquoise"
"ZNF831","grey"
"ZNF835","blue"
"ZNF836","turquoise"
"ZNF837","blue"
"ZNF839","turquoise"
"ZNF84","grey"
"ZNF841","turquoise"
"ZNF843","blue"
"ZNF844","grey"
"ZNF845","turquoise"
"ZNF846","grey"
"ZNF85","grey"
"ZNF850","grey"
"ZNF852","yellow"
"ZNF860","grey"
"ZNF865","blue"
"ZNF875","blue"
"ZNF876P","grey"
"ZNF879","grey"
"ZNF880","grey"
"ZNF90","grey"
"ZNF91","cyan"
"ZNF92","grey"
"ZNF93","grey"
"ZNF99","grey"
"ZNFX1","black"
"ZNG1A","grey"
"ZNG1B","grey"
"ZNG1E","turquoise"
"ZNHIT2","blue"
"ZNHIT6","turquoise"
"ZNRD2","brown"
"ZNRF2","brown"
"ZNRF2P1","blue"
"ZNRF3","grey"
"ZNRF4","blue"
"ZP3","grey"
"ZPLD1","grey"
"ZPR1","turquoise"
"ZRANB1","turquoise"
"ZRANB2","turquoise"
"ZRANB3","grey"
"ZRSR2","turquoise"
"ZSCAN1","blue"
"ZSCAN12","turquoise"
"ZSCAN16","grey"
"ZSCAN18","blue"
"ZSCAN2","green"
"ZSCAN26","grey"
"ZSCAN29","brown"
"ZSCAN31","grey"
"ZSWIM1","brown"
"ZSWIM4","grey"
"ZSWIM5","grey"
"ZSWIM6","grey"
"ZSWIM8","turquoise"
"ZSWIM9","grey"
"ZUP1","turquoise"
"ZW10","turquoise"
"ZWILCH","magenta"
"ZWINT","magenta"
"ZXDA","blue"
"ZXDB","turquoise"
"ZYG11B","blue"
"ZYX","brown"
"ZZEF1","grey"
"ZZZ3","turquoise"
